ticker,name,figi,uid,class_code,expiration,first_1min_candle_date,lot,currency,tick,tick_rub,go_buy,go_sell,api_trade_available,buy_available,sell_available
92K6,AI92-5.26 Бензин АИ-92,FAI920526000,984e0e91-2080-4066-902e-b6cab0a2dba2,SPBFUT,2026-05-29T00:00:00+00:00,2026-04-21T07:01:00+00:00,1,rub,10.0,10.0,6774.73,6785.83,True,True,True
92M6,AI92-6.26 Бензин АИ-92,FAI920626000,f2a7b82a-cdcb-4c24-b1be-5b6ed24b9017,SPBFUT,2026-06-30T00:00:00+00:00,2026-04-21T10:54:00+00:00,1,rub,10.0,10.0,7309.1,7444.32,True,True,True
92N6,AI92-7.26 Бензин АИ-92,FAI920726000,cc503eeb-93fc-4710-9d36-a3682e37f148,SPBFUT,2026-07-31T00:00:00+00:00,2026-04-21T17:24:00+00:00,1,rub,10.0,10.0,7766.14,8014.55,True,True,True
92Q6,AI92-8.26 Бензин АИ-92,FAI920826000,d2d21ecd-70c6-4cbd-bd4c-12f7e15570b7,SPBFUT,2026-08-31T00:00:00+00:00,2026-05-23T00:00:00+00:00,1,rub,10.0,10.0,7853.21,8119.1,True,True,True
95K6,AI95-5.26 Бензин АИ-95,FAI950526000,45e93e68-3f05-483b-99f1-144555ea870d,SPBFUT,2026-05-29T00:00:00+00:00,2026-04-21T07:03:00+00:00,1,rub,10.0,10.0,8153.14,8166.51,True,True,True
95M6,AI95-6.26 Бензин АИ-95,FAI950626000,9ff6e37f-7bcc-4bb8-8462-bf4b53645f80,SPBFUT,2026-06-30T00:00:00+00:00,2026-04-21T08:53:00+00:00,1,rub,10.0,10.0,8745.86,8908.17,True,True,True
95N6,AI95-7.26 Бензин АИ-95,FAI950726000,ac4759d2-b128-4474-9927-f3a81b64eaf4,SPBFUT,2026-07-31T00:00:00+00:00,2026-04-24T08:12:00+00:00,1,rub,10.0,10.0,9279.91,9577.84,True,True,True
95Q6,AI95-8.26 Бензин АИ-95,FAI950826000,a250178a-50ba-4283-8a08-807f2d62b0f2,SPBFUT,2026-08-31T00:00:00+00:00,2026-05-23T00:00:00+00:00,1,rub,10.0,10.0,9312.69,9630.27,True,True,True
AAM6,AFRICA-6.26 MSCI South Africa ETF,FUTAFRIC0626,50ffa880-a277-46b0-95d2-c7b91dbbd8af,SPBFUT,2026-06-22T00:00:00+00:00,2025-12-18T09:47:00+00:00,1,rub,0.01,0.71209,635.76,640.91,True,True,True
AAU6,AFRICA-9.26 MSCI South Africa ETF,FAFRICA09260,d7e9ade9-b258-42a7-b1f8-9e82c899399b,SPBFUT,2026-09-21T00:00:00+00:00,2026-03-20T13:36:00+00:00,1,rub,0.01,0.71209,650.51,659.41,True,True,True
AEM6,AED-6.26 Курс дирхам ОАЭ – Российский рубль,FUTAED062600,04379d10-c614-468d-99ef-454167b6178b,SPBFUT,2026-06-19T00:00:00+00:00,2025-09-26T14:46:00+00:00,1,rub,0.001,1.0,3029.83,3053.52,True,True,True
AEU6,AED-9.26 Курс дирхам ОАЭ – Российский рубль,FAED09260000,3636b556-c40a-4a52-8f68-bb465052ca6e,SPBFUT,2026-09-18T00:00:00+00:00,2026-04-02T10:20:00+00:00,1,rub,0.001,1.0,3117.9,3172.97,True,True,True
AFM6,AFLT-6.26 Аэрофлот,FUTAFLT06260,463d6cb1-3503-476c-8f75-4cb919bceee9,SPBFUT,2026-06-19T00:00:00+00:00,2025-12-05T13:04:00+00:00,1,rub,1.0,1.0,1213.7,1230.21,True,True,True
AFU6,AFLT-9.26 Аэрофлот,FAFLT0926000,0993d2a7-4df0-445b-b3cf-5d25e6634d2a,SPBFUT,2026-09-18T00:00:00+00:00,2026-03-05T08:43:00+00:00,1,rub,1.0,1.0,1265.31,1318.22,True,True,True
AGM6,ARGT-6.26 MSCI Argentina ETF,FUTARGT06260,939943da-a701-4274-b854-0354026939a0,SPBFUT,2026-06-22T00:00:00+00:00,2025-12-16T15:09:00+00:00,1,rub,0.01,0.71209,903.42,910.75,True,True,True
AGU6,ARGT-9.26 MSCI Argentina ETF,FARGT0926000,6f7dec6d-349d-4560-a9fc-391bf1079bc8,SPBFUT,2026-09-21T00:00:00+00:00,2026-03-23T08:15:00+00:00,1,rub,0.01,0.71209,922.91,935.57,True,True,True
AKM6,AFKS-6.26 АФК Система,FUTAFKS06260,4ddf2a9b-946f-4280-ac74-43cd58b93134,SPBFUT,2026-06-19T00:00:00+00:00,2025-12-12T20:49:00+00:00,1,rub,1.0,1.0,2883.76,2923.0,True,True,True
AKU6,AFKS-9.26 АФК Система,FAFKS0926000,4c598382-b4bf-4ce2-9730-5ca3c7d99e9a,SPBFUT,2026-09-18T00:00:00+00:00,2026-03-16T19:56:00+00:00,1,rub,1.0,1.0,3014.95,3140.84,True,True,True
ALM6,ALRS-6.26 АЛРОСА,FUTALRS06260,1decc92b-cee8-4aa8-abc3-cab9b348459d,SPBFUT,2026-06-19T00:00:00+00:00,2025-12-09T07:08:00+00:00,1,rub,1.0,1.0,684.7,694.01,True,True,True
ALU6,ALRS-9.26 АЛРОСА,FALRS0926000,fc8eaabd-95c5-4c02-bcf1-0684362935c1,SPBFUT,2026-09-18T00:00:00+00:00,2026-03-11T19:00:00+00:00,1,rub,1.0,1.0,715.94,745.83,True,True,True
AMDperpA,Neo AMD,AMDPERP00000,7f7cf365-4f6f-4b8b-9ffb-0cf526f7636a,SPBDMFUT,2100-01-01T00:00:00+00:00,2026-03-30T07:02:00+00:00,1,rub,0.01,0.7117,0.0,0.0,True,True,True
AMZNperpA,Neo Amazon,AMZNperp0000,42dee536-6f2d-4ab6-8b77-da2c3999916a,SPBDMFUT,2100-01-01T00:00:00+00:00,2026-03-02T14:30:00+00:00,1,rub,0.01,0.7117,0.0,0.0,True,True,True
ANM6,ALUM-6.26 Алюминий,FUTALUM06260,2a7bf4b4-641d-4e6a-8472-881e0b525138,SPBFUT,2026-06-17T00:00:00+00:00,2025-12-03T14:05:00+00:00,1,rub,0.5,3.56045,3116.1,3138.32,True,True,True
ANU6,ALUM-9.26 Алюминий,FALUM0926000,27f6670f-01c3-46bf-a66c-46001bac39c9,SPBFUT,2026-09-16T00:00:00+00:00,2026-03-04T08:40:00+00:00,1,rub,0.5,3.56045,3471.31,3582.52,True,True,True
ARM6,AMD-6.26 Курс Армянский драм - Рубль,FUTAMD062600,80d50613-7093-4e12-ae3a-16cdbf51a190,SPBFUT,2026-06-19T00:00:00+00:00,2025-11-18T19:49:00+00:00,1,rub,0.001,1.0,6424.19,6474.75,True,True,True
ARU6,AMD-9.26 Курс Армянский драм - Рубль,FAMD09260000,c3b3ce4b-a159-40c6-b6fa-abe269220907,SPBFUT,2026-09-18T00:00:00+00:00,2026-05-06T19:09:00+00:00,1,rub,0.001,1.0,6498.67,6764.32,True,True,True
ASM6,ASTR-6.26 Группа Астра,FUTASTR06260,8cca38a0-13b2-484c-b127-9604b6046507,SPBFUT,2026-06-19T00:00:00+00:00,2025-12-08T14:54:00+00:00,1,rub,1.0,1.0,72.45,73.44,True,True,True
ASU6,ASTR-9.26 Группа Астра,FASTR0926000,d92dcd3b-34ce-4864-8628-660086520d01,SPBFUT,2026-09-18T00:00:00+00:00,2026-03-13T11:27:00+00:00,1,rub,1.0,1.0,75.67,78.83,True,True,True
AUM6,AUDU-6.26 Курс Австралийский доллар - Доллар США,FUTAUDU06260,0d55e16f-3ecf-41cb-8bce-0f71250b577b,SPBFUT,2026-06-19T00:00:00+00:00,2025-12-12T18:10:00+00:00,1,rub,0.0001,7.1209,6516.91,6550.88,True,True,True
AUU6,AUDU-9.26 Курс Австралийский доллар - Доллар США,FAUDU0926000,1cfbdb5b-fb0b-4155-b7c2-6c3f73491137,SPBFUT,2026-09-18T00:00:00+00:00,2026-05-23T00:00:00+00:00,1,rub,0.0001,7.1209,6847.64,6967.42,True,True,True
BBM6,ALIBABA-6.26 Alibaba,FUTALIBA0626,dec29ef9-c94e-445f-a8a8-e4c45ba7db28,SPBFUT,2026-06-22T00:00:00+00:00,2025-12-15T17:49:00+00:00,1,rub,0.01,0.71209,1530.21,1542.66,True,True,True
BBU6,ALIBABA-9.26 Alibaba,FALIBAB09260,48114479-a475-4c5f-bba4-d94a27670830,SPBFUT,2026-09-21T00:00:00+00:00,2026-03-15T08:41:00+00:00,1,rub,0.01,0.71209,1579.2,1607.2,True,True,True
BDM6,BAIDU-6.26 Baidu,FUTBAIDU0626,1cc20143-e675-4a6c-b16b-0aee81983a24,SPBFUT,2026-06-22T00:00:00+00:00,2025-12-15T17:51:00+00:00,1,rub,0.01,0.71209,1611.12,1624.24,True,True,True
BDU6,BAIDU-9.26 Baidu,FBAIDU092600,59c9dd9e-567d-4a89-82ef-10953ec4cea3,SPBFUT,2026-09-21T00:00:00+00:00,2026-03-16T16:23:00+00:00,1,rub,0.01,0.71209,1658.61,1688.08,True,True,True
BMF7,BRM-1.27 Нефть Brent (мини),FBRM01270000,1c39834f-097c-422f-8e8e-c23c782168e0,SPBFUT,2027-01-05T00:00:00+00:00,2026-05-22T09:43:00+00:00,1,rub,0.01,0.71209,1706.25,1807.31,True,True,True
BMM6,BRM-6.26 Нефть Brent (мини),FUTBRM062600,dc1ffa30-70a4-4a7b-807a-4f31c2951f7e,SPBFUT,2026-06-02T00:00:00+00:00,2025-10-31T17:05:00+00:00,1,rub,0.01,0.71209,1535.97,1541.84,True,True,True
BMN6,BRM-7.26 Нефть Brent (мини),FUTBRM072600,3e7e5811-1d1e-467a-bc3d-719b6095bd31,SPBFUT,2026-07-02T00:00:00+00:00,2025-11-21T18:05:00+00:00,1,rub,0.01,0.71209,1683.57,1715.29,True,True,True
BMQ6,BRM-8.26 Нефть Brent (мини),FUTBRM082610,d46436d0-f6c4-43b3-90fc-f93e6330ff1f,SPBFUT,2026-08-04T00:00:00+00:00,2025-12-27T11:54:00+00:00,1,rub,0.01,0.71209,1633.8,1688.75,True,True,True
BMU6,BRM-9.26 Нефть Brent (мини),FUTBRM082600,83e82b82-3330-4a47-b5cd-e615327d25ed,SPBFUT,2026-09-01T00:00:00+00:00,2026-01-26T12:05:00+00:00,1,rub,0.01,0.71209,1638.37,1697.57,True,True,True
BMV6,BRM-10.26 Нефть Brent (мини),FBRM10260000,b09c024f-f46f-4f90-8891-e95ece1cfd86,SPBFUT,2026-10-02T00:00:00+00:00,2026-02-20T08:55:00+00:00,1,rub,0.01,0.71209,1664.07,1738.9,True,True,True
BMX6,BRM-11.26 Нефть Brent (мини),FBRM11260000,57898c97-6c1d-446f-8ab5-15261d838b12,SPBFUT,2026-11-03T00:00:00+00:00,2026-03-25T07:49:00+00:00,1,rub,0.01,0.71209,1684.2,1773.27,True,True,True
BMZ6,BRM-12.26 Нефть Brent (мини),FBRM12260000,b9f47477-a7b4-4ddf-b1c9-72352ddc17e5,SPBFUT,2026-12-02T00:00:00+00:00,2026-04-23T18:52:00+00:00,1,rub,0.01,0.71209,1696.71,1795.0,True,True,True
BNM6,BANE-6.26 Башнефть,FUTBANE06260,683fff7b-9217-450a-b2cc-3b6b5440e054,SPBFUT,2026-06-19T00:00:00+00:00,2025-12-09T14:00:00+00:00,1,rub,1.0,1.0,470.84,477.27,True,True,True
BNU6,BANE-9.26 Башнефть,FBANE0926000,4f37f16d-5c8c-4c63-861c-465fc52ee403,SPBFUT,2026-09-18T00:00:00+00:00,2026-03-05T11:09:00+00:00,1,rub,1.0,1.0,484.44,504.89,True,True,True
BRF7,BR-1.27 Нефть Brent,FBR012700000,dba04c3e-5ce2-406c-9ba9-64e226492611,SPBFUT,2027-01-05T00:00:00+00:00,2026-05-22T15:55:00+00:00,1,rub,0.01,7.1209,17014.09,18023.35,True,True,True
BRM6,BR-6.26 Нефть Brent,FUTBR0626000,133d73d0-d86c-4976-8333-0437f1e26f16,SPBFUT,2026-06-02T00:00:00+00:00,2025-10-30T13:01:00+00:00,1,rub,0.01,7.1209,15363.35,15422.08,True,True,True
BRN6,BR-7.26 Нефть Brent,FUTBR0726000,2ae01b47-c07a-4378-92d2-192eac373447,SPBFUT,2026-07-02T00:00:00+00:00,2025-11-24T06:23:00+00:00,1,rub,0.01,7.1209,16839.34,17156.59,True,True,True
BRQ6,BR-8.26 Нефть Brent,FUTBR0826000,9121d88e-71b0-41ac-b89d-96d90aa8b7f6,SPBFUT,2026-08-04T00:00:00+00:00,2025-12-23T20:03:00+00:00,1,rub,0.01,7.1209,16341.17,16890.82,True,True,True
BRU6,BR-9.26 Нефть Brent,FUTBR0826100,afba584a-b4bd-459e-a1a4-038b4b18e38f,SPBFUT,2026-09-01T00:00:00+00:00,2026-01-27T12:30:00+00:00,1,rub,0.01,7.1209,16388.61,16980.79,True,True,True
BRV6,BR-10.26 Нефть Brent,FBR102600000,c8968ffd-db1c-4a35-9f6f-7013a2b7c35a,SPBFUT,2026-10-02T00:00:00+00:00,2026-02-20T06:35:00+00:00,1,rub,0.01,7.1209,16637.57,17385.78,True,True,True
BRX6,BR-11.26 Нефть Brent,FBR112600000,b2d0f863-f834-460b-ae66-420a4dace272,SPBFUT,2026-11-03T00:00:00+00:00,2026-03-24T11:08:00+00:00,1,rub,0.01,7.1209,16841.32,17732.1,True,True,True
BRZ6,BR-12.26 Нефть Brent,FBR122600000,5f72f0f4-c326-46e6-a2d3-1632c74c76df,SPBFUT,2026-12-02T00:00:00+00:00,2026-04-24T08:07:00+00:00,1,rub,0.01,7.1209,16972.57,17955.78,True,True,True
BSM6,BSPB-6.26 Банк Санкт-Петербург,FUTBSPB06260,d2953c68-8c46-4bb3-b246-54f578a89778,SPBFUT,2026-06-19T00:00:00+00:00,2025-12-05T12:29:00+00:00,1,rub,1.0,1.0,803.14,814.07,True,True,True
BSU6,BSPB-9.26 Банк Санкт-Петербург,FBSPB0926000,b4975ed2-0994-4d66-8159-aca369f0f528,SPBFUT,2026-09-18T00:00:00+00:00,2026-03-06T08:28:00+00:00,1,rub,1.0,1.0,837.82,872.86,True,True,True
BTCUSDperpA,Neo Bitcoin,BTCUSDPERP00,4effa274-4e8f-422c-93ff-04aa34fe8e39,SPBDMFUT,2100-01-01T00:00:00+00:00,2026-03-30T07:00:00+00:00,1,rub,0.1,0.0007216,0.0,0.0,True,True,True
BTK6,BTC-5.26 Биткоин,FBTC05260000,a5d0b8ff-6d59-4971-abb3-8e20485ec018,SPBFUT,2026-06-01T00:00:00+00:00,2026-02-18T16:26:00+00:00,1,rub,1.0,0.07121,1569.58,1571.64,True,True,True
BTM6,BTC-6.26 Биткоин,FBTC06260000,c7429095-21bf-4cb3-96ce-b95fd8f8fb67,SPBFUT,2026-06-29T00:00:00+00:00,2026-03-19T08:56:00+00:00,1,rub,1.0,0.07121,1578.96,1587.16,True,True,True
BTN6,BTC-7.26 Биткоин,FBTC07260000,4474b4f2-17b2-4095-a985-04fbeaab3efe,SPBFUT,2026-08-03T00:00:00+00:00,2026-04-17T12:20:00+00:00,1,rub,1.0,0.07121,1588.8,1603.32,True,True,True
BTQ6,BTC-8.26 Биткоин,FBTC08260000,bc79c610-d2a6-4c2b-8b8c-ca0de8651f6d,SPBFUT,2026-08-31T00:00:00+00:00,2026-05-22T19:49:00+00:00,1,rub,1.0,0.07121,1598.49,1619.15,True,True,True
BYM6,BYN-6.26 Белорусский рубль,FUTBYN062600,d8e5cc3e-46d8-46d0-a70a-b690b0115f78,SPBFUT,2026-06-19T00:00:00+00:00,2026-02-06T15:43:00+00:00,1,rub,0.01,10.0,3965.61,3996.62,True,True,True
BYU6,BYN-9.26 Белорусский рубль,FBYN09260000,f89b8832-2a30-4954-a8d1-4b4ca24379c3,SPBFUT,2026-09-18T00:00:00+00:00,2026-05-23T00:00:00+00:00,1,rub,0.01,10.0,4087.26,4159.4,True,True,True
BZM6,BRAZIL-6.26 MSCI Brazil ETF,FUTBRAZI0626,944a4c25-1a0f-4774-9af1-f0840a207314,SPBFUT,2026-06-22T00:00:00+00:00,2025-12-13T10:26:00+00:00,1,rub,0.01,0.71209,389.24,392.4,True,True,True
BZU6,BRAZIL-9.26 MSCI Brazil ETF,FBRAZIL09260,d397440e-b085-49f0-a2c9-5af234b3b414,SPBFUT,2026-09-21T00:00:00+00:00,2026-03-20T13:42:00+00:00,1,rub,0.01,0.71209,436.39,402.73,True,True,True
CAM6,UCAD-6.26 Курс доллар США - Канадский доллар,FUTUCAD06260,983e3468-1f6d-4e21-a9ae-015340855202,SPBFUT,2026-06-19T00:00:00+00:00,2025-12-12T18:30:00+00:00,1,rub,0.0001,5.16644,8644.18,8711.21,True,True,True
CAU6,UCAD-9.26 Курс доллар США - Канадский доллар,FUCAD0926000,28efa721-39ba-444f-a3fa-d808ccc8a72e,SPBFUT,2026-09-18T00:00:00+00:00,2026-05-21T16:03:00+00:00,1,rub,0.0001,5.16644,9069.31,9226.71,True,True,True
CCM6,COCOA-6.26 Какао,FCOCOA062600,0f4e2d3f-43a2-4f3b-8253-2db0454c554f,SPBFUT,2026-06-25T00:00:00+00:00,2026-03-09T12:29:00+00:00,1,rub,0.1,1.0,409.66,416.26,True,True,True
CCQ6,COCOA-8.26 Какао,FCOCOA082600,8137f545-4e3a-4eea-b5a9-b1046f2dd053,SPBFUT,2026-08-26T00:00:00+00:00,2026-04-16T17:34:00+00:00,1,rub,0.1,1.0,434.75,449.38,True,True,True
CEM6,COPPER-6.26 Медь,FUTCOPPE0626,7049f573-63c6-4671-a0b4-5293eec3673c,SPBFUT,2026-06-17T00:00:00+00:00,2025-12-03T14:01:00+00:00,1,rub,1.0,0.71209,1156.41,1164.66,True,True,True
CEU6,COPPER-9.26 Медь,FCOPPER09260,ac958c01-0d6a-4dc0-a263-3a8f9e87def1,SPBFUT,2026-09-16T00:00:00+00:00,2026-03-04T12:34:00+00:00,1,rub,1.0,0.71209,1292.69,1334.04,True,True,True
CFM6,UCHF-6.26 Курс доллар США - Швейцарский франк,FUTUCHF06260,1842b84a-2b11-41fb-a070-9bc1dde1e17a,SPBFUT,2026-06-19T00:00:00+00:00,2025-12-16T09:11:00+00:00,1,rub,0.0001,9.05852,7127.74,7183.0,True,True,True
CFU6,UCHF-9.26 Курс доллар США - Швейцарский франк,FUCHF0926000,66ba2466-08ba-491a-8e60-337ad1f334e8,SPBFUT,2026-09-18T00:00:00+00:00,2026-03-17T13:17:00+00:00,1,rub,0.0001,9.05852,7476.57,7606.33,True,True,True
CHM6,CHMF-6.26 Северсталь,FUTCHMF06260,ec31e17e-189e-4985-a483-51269006a676,SPBFUT,2026-06-19T00:00:00+00:00,2026-01-06T10:37:00+00:00,1,rub,1.0,1.0,15274.69,15481.83,True,True,True
CIM6,CHINA-6.26 MSCI China ETF,FUTCHINA0626,908aa2f6-7aff-490d-8e57-68cc08c78877,SPBFUT,2026-06-22T00:00:00+00:00,2025-12-13T10:24:00+00:00,1,rub,0.01,0.71209,519.16,523.36,True,True,True
CIU6,CHINA-9.26 MSCI China ETF,FCHINA092600,5fb94119-3f18-47f7-8245-83b247c8e02d,SPBFUT,2026-09-21T00:00:00+00:00,2026-03-20T13:59:00+00:00,1,rub,0.01,0.71209,531.56,538.84,True,True,True
CKM6,CHMFM-6.26 Северсталь (мини),FCHMFM062600,cab90cf6-0f12-49a3-a3f5-b13f6f3d1e49,SPBFUT,2026-06-19T00:00:00+00:00,2026-04-07T14:33:00+00:00,1,rub,1.0,1.0,1543.63,1564.57,True,True,True
CKU6,CHMFM-9.26 Северсталь (мини),FCHMFM092600,217fef46-6c36-461e-8ad7-63812f5ba279,SPBFUT,2026-09-18T00:00:00+00:00,2026-04-09T13:32:00+00:00,1,rub,1.0,1.0,1634.78,1702.41,True,True,True
CMM6,CBOM-6.26 МКБ,FUTCBOM06260,3e092eed-aead-4ead-8b87-f360c5064ea8,SPBFUT,2026-06-19T00:00:00+00:00,2025-12-15T16:24:00+00:00,1,rub,1.0,1.0,2072.63,2100.93,True,True,True
CMU6,CBOM-9.26 МКБ,FCBOM0926000,fd067bdd-a9dc-4d95-884d-459a0338c6fb,SPBFUT,2026-09-18T00:00:00+00:00,2026-03-10T12:10:00+00:00,1,rub,1.0,1.0,2128.5,2218.45,True,True,True
CNYRUBF,CNYRUBF Юань - Рубль,FUTCNYRUBF00,c300543d-aa18-4249-b110-615409dde036,SPBFUT,2099-12-31T00:00:00+00:00,2022-04-26T07:05:00+00:00,1,rub,0.001,1.0,845.34,845.8,True,True,True
COINperpA,Neo Coinbase,COINPERP0000,4c0fa05d-0c83-49c2-8c53-e9221daf664b,SPBDMFUT,2100-01-01T00:00:00+00:00,2026-03-02T14:30:00+00:00,1,rub,0.01,0.7117,0.0,0.0,True,True,True
CRH7,CNY-3.27 Курс Юань – Рубль,FUTCNY032700,10444a10-c6e0-47b7-ba71-a61673f1ac17,SPBFUT,2027-03-19T00:00:00+00:00,2025-09-18T20:43:00+00:00,1,rub,0.001,1.0,1181.44,1248.42,True,True,True
CRM6,CNY-6.26 Курс Юань - Рубль,FUTCNY062600,9dc067df-de3c-4d90-a45a-c3ed939af998,SPBFUT,2026-06-19T00:00:00+00:00,2024-12-18T16:53:00+00:00,1,rub,0.001,1.0,906.89,918.44,True,True,True
CRM7,CNY-6.27 Курс Юань – Рубль,FUTCNY062700,839274ef-2c19-427a-9ffc-772c10d04c05,SPBFUT,2027-06-18T00:00:00+00:00,2025-12-09T11:52:00+00:00,1,rub,0.001,1.0,1295.79,1388.68,True,True,True
CRU6,CNY-9.26 Курс Юань – Рубль,FUTCNY092600,81f07a5c-99af-4b3a-a939-067e2ed3dd7a,SPBFUT,2026-09-18T00:00:00+00:00,2025-03-07T14:32:00+00:00,1,rub,0.001,1.0,1058.62,1100.34,True,True,True
CRU7,CNY-9.27 Курс Юань – Рубль,FCNY09270000,bc970fa2-7aec-4e98-a6a5-b6f13f70f645,SPBFUT,2027-09-17T00:00:00+00:00,2026-03-12T12:58:00+00:00,1,rub,0.001,1.0,1411.22,1532.69,True,True,True
CRZ6,CNY-12.26 Курс Юань – Рубль,FUTCNY122600,3580f0a5-5a52-4242-9479-bb67f65477b8,SPBFUT,2026-12-18T00:00:00+00:00,2025-06-16T17:07:00+00:00,1,rub,0.001,1.0,1072.61,1116.34,True,True,True
CSM6,CNI-6.26 Индекс Потребительского сектора,FUTCNI062600,0a79a7c0-0407-4002-882d-ad90346e9f92,SPBFUT,2026-06-19T00:00:00+00:00,2025-12-12T14:41:00+00:00,1,rub,1.0,1.0,1285.44,1302.19,True,True,True
CSU6,CNI-9.26 Индекс Потребительского сектора,FCNI09260000,03948b9e-d52b-44c3-bd74-4a1f068e2c31,SPBFUT,2026-09-18T00:00:00+00:00,2026-05-23T00:00:00+00:00,1,rub,1.0,1.0,1360.02,1415.94,True,True,True
DJM6,DJ30-6.26 Dow Jones 30,FUTDJ3006260,e4a56992-931b-4fb6-8765-9c7a7855fde8,SPBFUT,2026-06-22T00:00:00+00:00,2025-12-25T10:45:00+00:00,1,rub,0.1,7.1209,4292.59,4327.32,True,True,True
DJU6,DJ30-9.26 Dow Jones 30,FDJ300926000,3d827bac-7f42-4622-bc5f-91bf841c851b,SPBFUT,2026-09-21T00:00:00+00:00,2026-03-24T08:52:00+00:00,1,rub,0.1,7.1209,4474.74,5328.95,True,True,True
DLK6,DTL-5.26 Дизельное топливо летнее,FDTL05260000,f64e531b-b379-4655-8fc6-1774e77e7219,SPBFUT,2026-05-29T00:00:00+00:00,2026-04-21T07:04:00+00:00,1,rub,10.0,10.0,6555.12,6565.86,True,True,True
DLM6,DTL-6.26 Дизельное топливо летнее,FDTL06260000,e17fc68c-eaa3-4a9b-8627-57e5bf1791f8,SPBFUT,2026-06-30T00:00:00+00:00,2026-04-24T10:38:00+00:00,1,rub,10.0,10.0,7084.97,7215.93,True,True,True
DLN6,DTL-7.26 Дизельное топливо летнее,FDTL07260000,bc85cbba-6007-499f-9e96-ad560d5d03de,SPBFUT,2026-07-31T00:00:00+00:00,2026-04-23T08:19:00+00:00,1,rub,10.0,10.0,7550.13,7791.1,True,True,True
DLQ6,DTL-8.26 Дизельное топливо летнее,FDTL08260000,7423386b-9e0f-439c-956c-9f07365aabf0,SPBFUT,2026-08-31T00:00:00+00:00,2026-05-23T00:00:00+00:00,1,rub,10.0,10.0,7588.42,7845.5,True,True,True
DRM6,DOMRF-6.26 ДОМ.РФ,FDOMRF062600,db68e00b-ae0e-4535-976f-f5ccbc42d310,SPBFUT,2026-06-19T00:00:00+00:00,2026-04-07T07:05:00+00:00,1,rub,1.0,1.0,600.12,608.28,True,True,True
DRU6,DOMRF-9.26 ДОМ.РФ,FDOMRF092600,ad0fc6b2-c116-40b5-85aa-174574339c21,SPBFUT,2026-09-18T00:00:00+00:00,2026-04-07T07:05:00+00:00,1,rub,1.0,1.0,622.96,649.06,True,True,True
DXM6,DAX-6.26 DAX 40,FUTDAX062600,bedd7504-aa3f-462f-a517-15f34681d9b9,SPBFUT,2026-06-22T00:00:00+00:00,2025-12-13T13:23:00+00:00,1,rub,1.0,0.82545,2232.12,2250.21,True,True,True
DXU6,DAX-9.26 DAX 40,FDAX09260000,1dc32b06-8ded-442a-818f-eb3649090f4d,SPBFUT,2026-09-21T00:00:00+00:00,2026-03-23T09:29:00+00:00,1,rub,1.0,0.82545,2315.41,2356.22,True,True,True
EAM6,ENPG-6.26 ЭН+ГРУП,FUTENPG06260,f7ceb63c-2b12-4231-b800-93ec708b5964,SPBFUT,2026-06-19T00:00:00+00:00,2025-12-15T17:18:00+00:00,1,rub,1.0,1.0,974.47,987.73,True,True,True
EAU6,ENPG-9.26 ЭН+ГРУП,FENPG0926000,4971cc96-f279-467d-b377-c512561bf7d9,SPBFUT,2026-09-18T00:00:00+00:00,2026-03-06T15:19:00+00:00,1,rub,1.0,1.0,1018.9,1061.44,True,True,True
EDH7,ED-3.27 Курс Евро - Доллар,FED032700000,fda55bae-c481-4bfc-b38f-5ec18106d864,SPBFUT,2027-03-19T00:00:00+00:00,2026-03-19T10:35:00+00:00,1,rub,0.0001,7.1209,6527.49,6758.5,True,True,True
EDM6,ED-6.26 Курс Евро - Доллар,FUTED0626000,bb015488-c801-4b2f-9097-b0430aa5812c,SPBFUT,2026-06-19T00:00:00+00:00,2025-09-03T07:06:00+00:00,1,rub,0.0001,7.1209,4949.86,4975.3,True,True,True
EDU6,ED-9.26 Курс Евро - Доллар,FUTED0926000,a759a2ae-4782-40ec-8d4b-7625e57446a2,SPBFUT,2026-09-18T00:00:00+00:00,2025-09-12T06:03:00+00:00,1,rub,0.0001,7.1209,5522.15,5614.84,True,True,True
EDZ6,ED-12.26 Курс Евро - Доллар,FUTED1226000,24b46292-103f-4125-b9f6-196a3bc205a6,SPBFUT,2026-12-18T00:00:00+00:00,2025-12-15T11:24:00+00:00,1,rub,0.0001,7.1209,5974.24,6126.11,True,True,True
EHK6,ETH-5.26 Эфириум,FETH05260000,7cf4e0a3-89d9-437a-937b-54c58692dc4a,SPBFUT,2026-06-01T00:00:00+00:00,2026-02-18T11:42:00+00:00,1,rub,0.1,0.07121,607.62,608.42,True,True,True
EHM6,ETH-6.26 Эфириум,FETH06260000,d3d4842b-9a9d-4fde-9bd7-d165572594b4,SPBFUT,2026-06-29T00:00:00+00:00,2026-03-19T13:55:00+00:00,1,rub,0.1,0.07121,609.88,613.05,True,True,True
EHN6,ETH-7.26 Эфириум,FETH07260000,7d18eece-8f3f-4513-aba0-fb10bef4abd3,SPBFUT,2026-08-03T00:00:00+00:00,2026-04-17T11:26:00+00:00,1,rub,0.1,0.07121,612.27,617.88,True,True,True
EHQ6,ETH-8.26 Эфириум,FETH08260000,bdb86991-e8e5-4ccf-aaea-d68c66e85a05,SPBFUT,2026-08-31T00:00:00+00:00,2026-05-22T14:06:00+00:00,1,rub,0.1,0.07121,614.75,622.72,True,True,True
EMM6,EM-6.26 Развивающиеся рынки,FUTEM0626000,652481d0-0821-4de6-becd-57a0142025e9,SPBFUT,2026-06-22T00:00:00+00:00,2025-12-17T10:41:00+00:00,1,rub,0.01,0.71209,556.25,560.75,True,True,True
EMU6,EM-9.26 Развивающиеся рынки,FEM092600000,9abe655e-82f9-47d7-bc8e-3719de345d09,SPBFUT,2026-09-21T00:00:00+00:00,2026-03-16T15:46:00+00:00,1,rub,0.01,0.71209,580.64,590.83,True,True,True
ETHUSDperpA,Neo Ethereum,ETHUSDPERP00,eceb99e7-5935-412a-9515-975ec4b5e244,SPBDMFUT,2100-01-01T00:00:00+00:00,2026-04-15T04:00:00+00:00,1,rub,0.01,0.0007216,0.0,0.0,True,True,True
ETM6,ETHA-6.26 Ethereum ETF,FUTETHA06260,d792fee0-9339-4105-aae6-89ab9c4289d0,SPBFUT,2026-06-22T00:00:00+00:00,2025-12-09T15:24:00+00:00,1,rub,0.01,0.71209,462.27,466.06,True,True,True
ETU6,ETHA-9.26 Ethereum ETF,FETHA0926000,4733d70f-d22b-42d9-869a-6300c06bd665,SPBFUT,2026-09-21T00:00:00+00:00,2026-03-10T16:49:00+00:00,1,rub,0.01,0.71209,467.09,475.53,True,True,True
EURRUBF,EURRUBF Евро - Рубль,FUTEURRUBF00,e797d92b-d398-47a6-aca9-856e3106d78d,SPBFUT,2099-12-31T00:00:00+00:00,2022-04-26T07:03:00+00:00,1,rub,0.01,10.0,12393.21,12397.28,True,True,True
EuH7,Eu-3.27 Курс евро - рубль,FEu032700000,06261e00-92c7-45b1-acee-5152ded67549,SPBFUT,2027-03-19T00:00:00+00:00,2026-03-25T07:23:00+00:00,1,rub,1.0,1.0,14101.49,14642.35,True,True,True
EuM6,Eu-6.26 Курс евро - рубль,FUTEU0626000,737c0d05-4ee3-4c2c-96e5-2aa24cdddac4,SPBFUT,2026-06-19T00:00:00+00:00,2024-12-26T08:10:00+00:00,1,rub,1.0,1.0,12662.9,12761.9,True,True,True
EuU6,Eu-9.26 Курс евро - рубль,FUTEu0926000,49bea593-bec8-475a-9756-4965a13e1eab,SPBFUT,2026-09-18T00:00:00+00:00,2025-03-19T15:08:00+00:00,1,rub,1.0,1.0,13199.49,13429.64,True,True,True
EuZ6,Eu-12.26 Курс евро - рубль,FUTEu1226000,8ab9de01-b09a-408e-b4c9-9bc625e39e21,SPBFUT,2026-12-18T00:00:00+00:00,2025-08-01T10:45:00+00:00,1,rub,1.0,1.0,13592.06,13958.79,True,True,True
FEM6,FESH-6.26 ДВМП,FUTFESH06260,58f5a72c-23b6-4356-b6b6-0188b206c1f5,SPBFUT,2026-06-19T00:00:00+00:00,2025-12-04T08:52:00+00:00,1,rub,1.0,1.0,1745.78,1769.53,True,True,True
FEU6,FESH-9.26 ДВМП,FFESH0926000,1248a1b6-a8fa-4077-831a-0d08a5f4b4c4,SPBFUT,2026-09-18T00:00:00+00:00,2026-03-06T13:38:00+00:00,1,rub,1.0,1.0,1824.18,1900.38,True,True,True
FFK6,TTF-5.26 Природный газ Датч ТТФ,FTTF05260000,8135ca62-e953-4236-8252-ba342d7dc516,SPBFUT,2026-06-01T00:00:00+00:00,2026-03-18T10:01:00+00:00,1,rub,0.005,0.41272,1995.43,2001.6,True,True,True
FFM6,TTF-6.26 Природный газ Датч ТТФ,FTTF06260000,cfc7adeb-33d7-4c74-8ad5-4c9f3991d77b,SPBFUT,2026-07-01T00:00:00+00:00,2026-04-17T17:19:00+00:00,1,rub,0.005,0.41272,2028.4,2084.69,True,True,True
FLM6,FLOT-6.26 Совкомфлот,FUTFLOT06260,d64bdc1c-faaf-42c0-a0bf-7f8abe38c247,SPBFUT,2026-06-19T00:00:00+00:00,2025-12-22T10:01:00+00:00,1,rub,1.0,1.0,1708.86,1732.03,True,True,True
FLU6,FLOT-9.26 Совкомфлот,FFLOT0926000,26d89e58-7af2-4227-b7f3-3f81d64b4d90,SPBFUT,2026-09-18T00:00:00+00:00,2026-03-15T13:41:00+00:00,1,rub,1.0,1.0,1802.49,1877.19,True,True,True
FNM6,FNI-6.26 Индекс Финансов,FUTFNI062600,aa51b27c-4d92-4b4c-81ee-7e55e246564d,SPBFUT,2026-06-19T00:00:00+00:00,2025-12-14T12:24:00+00:00,1,rub,1.0,1.0,2018.36,2044.65,True,True,True
FNU6,FNI-9.26 Индекс Финансов,FFNI09260000,d37abd9d-8088-4955-ab06-76026efe33f8,SPBFUT,2026-09-18T00:00:00+00:00,2026-04-13T14:02:00+00:00,1,rub,1.0,1.0,2132.58,2220.33,True,True,True
FSM6,FEES-6.26 ФСК Россети,FUTFEES06260,7b3b976a-76b7-42ae-b816-c7acaacacd76,SPBFUT,2026-06-19T00:00:00+00:00,2025-12-04T08:53:00+00:00,1,rub,1.0,1.0,1348.76,1367.05,True,True,True
FSU6,FEES-9.26 ФСК Россети,FFEES0926000,74615d9f-d5bd-4b57-8993-39549fbf6b7e,SPBFUT,2026-09-18T00:00:00+00:00,2026-03-18T16:45:00+00:00,1,rub,1.0,1.0,1428.97,1488.06,True,True,True
GAZPF,GAZPF Газпром,FUTGAZPF0000,82b34e5c-30c3-4be2-ba9d-5ba3b37ca99b,SPBFUT,2099-12-31T00:00:00+00:00,2024-10-01T07:01:00+00:00,1,rub,0.01,1.0,1999.33,2000.42,True,True,True
GDH7,GOLD-3.27 Золото,FGOLD0327000,e81e6b67-b41e-4ae5-9803-fa9857676113,SPBFUT,2027-03-22T00:00:00+00:00,2026-03-16T09:12:00+00:00,1,rub,0.1,7.1209,33017.92,34229.56,True,True,True
GDM6,GOLD-6.26 Золото,FUTGOLD06260,52249989-245d-4c32-a014-631e91e7ed8f,SPBFUT,2026-06-22T00:00:00+00:00,2025-08-28T14:14:00+00:00,1,rub,0.1,7.1209,27151.48,27369.29,True,True,True
GDU6,GOLD-9.26 Золото,FUTGOLD09260,b23c0f58-94fe-4e95-b95e-535a6618eba3,SPBFUT,2026-09-21T00:00:00+00:00,2025-09-16T07:44:00+00:00,1,rub,0.1,7.1209,28884.75,29382.73,True,True,True
GDZ6,GOLD-12.26 Золото,FUTGOLD12260,91f84d07-14a1-43a6-a6b8-648b62a41994,SPBFUT,2026-12-21T00:00:00+00:00,2025-12-14T12:45:00+00:00,1,rub,0.1,7.1209,30724.52,31530.78,True,True,True
GKM6,GMKN-6.26 Норильский никель,FUTGMKN06260,a58c0c32-3466-489e-b55d-f80a0ab6f460,SPBFUT,2026-06-19T00:00:00+00:00,2025-12-08T06:57:00+00:00,1,rub,1.0,1.0,224.84,227.88,True,True,True
GKU6,GMKN-9.26 Норильский никель,FGMKN0926000,4bc48dfb-3b94-42af-b135-7949a49e16ca,SPBFUT,2026-09-18T00:00:00+00:00,2026-03-09T08:07:00+00:00,1,rub,1.0,1.0,241.11,250.99,True,True,True
GLDRUBF,GLDRUBF Золото (rub),FUTGLDRUBF00,b347fe28-0d2a-45bf-b3bd-cda8a6ac64e6,SPBFUT,2099-12-31T00:00:00+00:00,2023-07-11T07:00:00+00:00,1,rub,0.1,0.1,1144.49,1145.43,True,True,True
GLH7,GL-3.27 Золото (rub),FGL032700000,312c293a-462d-4684-a8e2-882255c44f2e,SPBFUT,2027-03-19T00:00:00+00:00,2026-03-12T15:33:00+00:00,1,rub,0.1,0.1,1394.68,1457.34,True,True,True
GLM6,GL-6.26 Золото (rub),FUTGL0626000,47764ec3-7f02-48de-8c6c-e719ed06df16,SPBFUT,2026-06-19T00:00:00+00:00,2025-08-31T07:47:00+00:00,1,rub,0.1,0.1,1209.72,1227.24,True,True,True
GLU6,GL-9.26 Золото (rub),FUTGL0926000,ff08beaf-7947-4603-a071-bc106577d901,SPBFUT,2026-09-18T00:00:00+00:00,2025-09-15T06:59:00+00:00,1,rub,0.1,0.1,1318.04,1364.08,True,True,True
GLZ6,GL-12.26 Золото (rub),FUTGL1226000,cfe380ae-8cb2-4a0b-b329-b55f40b60e72,SPBFUT,2026-12-18T00:00:00+00:00,2025-12-10T11:44:00+00:00,1,rub,0.1,0.1,1310.39,1352.24,True,True,True
GNH7,GOLDM-3.27 Золото (мини),FGOLDM032700,eeae0b3d-3a17-4ada-a48e-3d43f6cfbf89,SPBFUT,2027-03-22T00:00:00+00:00,2026-03-13T06:52:00+00:00,1,rub,0.1,0.71209,3306.08,3427.35,True,True,True
GNM6,GOLDM-6.26 Золото (мини),FGOLDM062600,462d73c2-06a5-4f52-9e7f-1f2ce31dadfb,SPBFUT,2026-06-22T00:00:00+00:00,2026-02-18T07:11:00+00:00,1,rub,0.1,0.71209,2715.99,2737.77,True,True,True
GNU6,GOLDM-9.26 Золото (мини),FGOLDM092600,2de6f6cd-9de6-4716-8651-5ec001c61636,SPBFUT,2026-09-21T00:00:00+00:00,2026-02-18T13:12:00+00:00,1,rub,0.1,0.71209,2889.45,2939.26,True,True,True
GNZ6,GOLDM-12.26 Золото (мини),FGOLDM122600,b85235ad-3a3a-4811-a2a8-dd0854d25333,SPBFUT,2026-12-21T00:00:00+00:00,2026-02-18T10:08:00+00:00,1,rub,0.1,0.71209,3074.32,3154.98,True,True,True
GUM6,GBPU-6.26 Курс Фунт стерлингов-Доллар США,FUTGBPU06260,ad662327-b22e-4003-949b-0c31a4dd360b,SPBFUT,2026-06-19T00:00:00+00:00,2025-12-16T18:57:00+00:00,1,rub,0.0001,7.1209,11179.19,11237.39,True,True,True
GUU6,GBPU-9.26 Курс Фунт стерлингов-Доллар США,FGBPU0926000,e77098d3-d0a7-4701-ba57-cc3249e454d9,SPBFUT,2026-09-18T00:00:00+00:00,2026-05-19T11:46:00+00:00,1,rub,0.0001,7.1209,11802.73,12008.48,True,True,True
GZH7,GAZR-3.27 Газпром,FGAZR0327000,0a608b51-92be-403b-bc0c-fc23d9143c43,SPBFUT,2027-03-19T00:00:00+00:00,2026-03-06T15:09:00+00:00,1,rub,1.0,1.0,2329.46,2462.31,True,True,True
GZM6,GAZR-6.26 Газпром,FUTGAZR06260,61ef86a5-336a-4add-80d9-0f374766336b,SPBFUT,2026-06-19T00:00:00+00:00,2023-03-10T15:44:00+00:00,1,rub,1.0,1.0,2063.27,2091.16,True,True,True
GZU6,GAZR-9.26 Газпром,FUTGAZR09260,36ee1cd6-0026-432a-a806-d045003b70d0,SPBFUT,2026-09-18T00:00:00+00:00,2025-09-10T06:46:00+00:00,1,rub,1.0,1.0,2389.2,2479.94,True,True,True
GZZ6,GAZR-12.26 Газпром,FUTGAZR12260,2e2d733d-ed60-4fca-82b8-e8bfab1ffe29,SPBFUT,2026-12-18T00:00:00+00:00,2025-12-05T09:50:00+00:00,1,rub,1.0,1.0,2320.02,2454.22,True,True,True
HDM6,HEAD-6.26 Хэдхантер,FUTHEAD06260,4bebe1e9-78fc-4cde-b45c-bb8b5ae86151,SPBFUT,2026-06-19T00:00:00+00:00,2025-12-15T13:15:00+00:00,1,rub,1.0,1.0,733.71,743.69,True,True,True
HDU6,HEAD-9.26 Хэдхантер,FHEAD0926000,9bb2708c-c801-4878-a6d4-f8bf1ca5593d,SPBFUT,2026-09-18T00:00:00+00:00,2026-03-13T11:25:00+00:00,1,rub,1.0,1.0,766.71,798.73,True,True,True
HKM6,HKD-6.26 Курс Гонконгский доллар - Рубль,FUTHKD062600,46b4262e-110b-430b-a6bc-818650102c90,SPBFUT,2026-06-19T00:00:00+00:00,2025-06-24T19:21:00+00:00,1,rub,0.001,1.0,1393.76,1404.66,True,True,True
HKU6,HKD-9.26 Курс Гонконгский доллар - Рубль,FHKD09260000,691d928e-ae2d-4ce6-88e9-dd8ac5aa9af2,SPBFUT,2026-09-18T00:00:00+00:00,2026-03-13T10:59:00+00:00,1,rub,0.001,1.0,1436.31,1461.66,True,True,True
HOM6,HOME-6.26 Индекс московской недвижимости,FUTHOME06260,4391d047-ba98-46ca-93e7-498f72779aa3,SPBFUT,2026-06-25T00:00:00+00:00,2025-12-15T14:56:00+00:00,1,rub,10.0,10.0,2474.23,2512.75,True,True,True
HOU6,HOME-9.26 Индекс московской недвижимости,FHOME0926000,efb93d76-2f95-4354-bb1a-488064809b63,SPBFUT,2026-09-24T00:00:00+00:00,2026-03-18T16:26:00+00:00,1,rub,10.0,10.0,2964.57,3079.62,True,True,True
HSM6,HANG-6.26 Hang Seng,FUTHANG06260,cfbeb56d-c610-46fd-b6f7-9207e385aa39,SPBFUT,2026-06-22T00:00:00+00:00,2025-12-15T12:25:00+00:00,1,rub,1.0,0.09085,359.37,362.29,True,True,True
HSU6,HANG-9.26 Hang Seng,FHANG0926000,697e1023-c440-4e91-9e90-6e426ae570c9,SPBFUT,2026-09-21T00:00:00+00:00,2026-03-19T15:01:00+00:00,1,rub,1.0,0.09085,371.55,378.12,True,True,True
HYM6,HYDR-6.26 РусГидро,FUTHYDR06260,a0a9f45d-6157-49f2-a3bc-b39674fafe7e,SPBFUT,2026-06-19T00:00:00+00:00,2025-12-19T08:25:00+00:00,1,rub,1.0,1.0,784.49,795.13,True,True,True
HYU6,HYDR-9.26 РусГидро,FHYDR0926000,0b65a435-e65d-4fd5-9b99-8c6bc39fb845,SPBFUT,2026-09-18T00:00:00+00:00,2026-03-16T19:58:00+00:00,1,rub,1.0,1.0,830.86,865.23,True,True,True
I2M6,INR-6.26 Индийская рупия - Рубль,FUTINR062600,b601a79d-e82e-4038-9459-4df285fb1b38,SPBFUT,2026-06-19T00:00:00+00:00,2025-08-13T16:27:00+00:00,1,rub,0.0001,1.0,1505.55,1517.36,True,True,True
I2U6,INR-9.26 Индийская рупия - Рубль,FINR09260000,9b4526b7-d117-4e19-8195-0c3b110df2dc,SPBFUT,2026-09-18T00:00:00+00:00,2026-03-13T08:15:00+00:00,1,rub,0.0001,1.0,1536.49,1563.82,True,True,True
IBM6,IBIT-6.26 Bitcoin ETF,FUTIBIT06260,f180e9aa-3d45-400f-860b-93873f201cd4,SPBFUT,2026-06-22T00:00:00+00:00,2025-12-09T16:12:00+00:00,1,rub,0.01,0.71209,899.6,906.96,True,True,True
IBU6,IBIT-9.26 Bitcoin ETF,FIBIT0926000,f645dc04-c4b6-4f6a-8024-e0efee16722a,SPBFUT,2026-09-21T00:00:00+00:00,2026-03-10T09:09:00+00:00,1,rub,0.01,0.71209,913.74,930.17,True,True,True
IMOEXF,IMOEXF Индекс МосБиржи,FUTIMOEXF000,5bcff194-f10d-4314-b9ee-56b7fdb344fd,SPBFUT,2099-12-31T00:00:00+00:00,2023-11-14T07:03:00+00:00,1,rub,0.5,5.0,2632.17,2633.61,True,True,True
IPM6,IPO-6.26 Индекс IPO,FUTIPO062600,bb992398-91da-4e2c-857a-b2649b12e854,SPBFUT,2026-06-19T00:00:00+00:00,2025-12-15T09:26:00+00:00,1,rub,0.5,0.5,102.42,103.76,True,True,True
IPU6,IPO-9.26 Индекс IPO,FIPO09260000,c9d35fcf-4081-453f-afd5-1d8812ed585c,SPBFUT,2026-09-18T00:00:00+00:00,2026-03-11T20:31:00+00:00,1,rub,0.5,0.5,109.46,113.93,True,True,True
IRM6,IRAO-6.26 Интер РАО ЕЭС,FUTIRAO06260,ea80ef90-6ec0-4516-885e-505a83ab24bf,SPBFUT,2026-06-19T00:00:00+00:00,2025-12-08T08:09:00+00:00,1,rub,1.0,1.0,8184.76,8296.26,True,True,True
IRU6,IRAO-9.26 Интер РАО ЕЭС,FIRAO0926000,0c94f1ee-33c1-4981-9ec4-71b44fb19749,SPBFUT,2026-09-18T00:00:00+00:00,2026-03-06T10:04:00+00:00,1,rub,1.0,1.0,8509.5,8866.24,True,True,True
ISM6,ISKJ-6.26 ИСКЧ,FUTISKJ06260,6d20e582-5787-46a5-8c74-263c75ba1251,SPBFUT,2026-06-19T00:00:00+00:00,2025-12-15T19:30:00+00:00,1,rub,1.0,1.0,189.32,191.91,True,True,True
ISU6,ISKJ-9.26 ИСКЧ,FISKJ0926000,0e6ed16e-327f-495d-b74b-97f4c7cd6272,SPBFUT,2026-09-18T00:00:00+00:00,2026-03-12T19:41:00+00:00,1,rub,1.0,1.0,194.7,202.93,True,True,True
IVM6,IVAT-6.26 ИВА,FUTIVAT06260,4f6276bf-ba9b-459a-92dc-432ed8bcb82f,SPBFUT,2026-06-19T00:00:00+00:00,2025-11-26T13:26:00+00:00,1,rub,1.0,1.0,3113.05,3155.41,True,True,True
IVU6,IVAT-9.26 ИВА,FIVAT0926000,f7aa06ce-5d88-45e4-bea1-5d7652f5fb67,SPBFUT,2026-09-18T00:00:00+00:00,2026-03-13T06:09:00+00:00,1,rub,1.0,1.0,3252.13,3387.98,True,True,True
JPM6,UJPY-6.26 Курс доллар США - Японская йена,FUTUJPY06260,912c77aa-203f-4004-bbde-561f8754c8d9,SPBFUT,2026-06-19T00:00:00+00:00,2025-12-23T15:13:00+00:00,1,rub,0.01,4.4772,7922.28,7983.83,True,True,True
JPU6,UJPY-9.26 Курс доллар США - Японская йена,FUJPY0926000,0b51509e-97bb-4598-a42b-c5ea2bd8dd4c,SPBFUT,2026-09-18T00:00:00+00:00,2026-03-19T15:36:00+00:00,1,rub,0.01,4.4772,8268.83,8412.98,True,True,True
KCM6,COFFEE-6.26 Кофе,FCOFFEE06260,17ddd0d9-5234-4ad4-b721-0eeb6dbb2721,SPBFUT,2026-06-23T00:00:00+00:00,2026-02-12T16:42:00+00:00,1,rub,0.001,0.71209,239.42,242.99,True,True,True
KCQ6,COFFEE-8.26 Кофе,FCOFFEE08260,2d9fb16b-71c1-4d0b-bebf-c73c12e2b802,SPBFUT,2026-08-24T00:00:00+00:00,2026-04-14T15:08:00+00:00,1,rub,0.001,0.71209,258.13,266.57,True,True,True
KMM6,KMAZ-6.26 КАМАЗ,FUTKMAZ06260,3e16ac2a-72c9-4240-949a-b8d80171f334,SPBFUT,2026-06-19T00:00:00+00:00,2025-12-05T16:40:00+00:00,1,rub,1.0,1.0,230.23,233.38,True,True,True
KMU6,KMAZ-9.26 КАМАЗ,FKMAZ0926000,8a5d237d-046f-4ed2-8093-bd831045dda8,SPBFUT,2026-09-18T00:00:00+00:00,2026-03-16T20:00:00+00:00,1,rub,1.0,1.0,236.92,246.92,True,True,True
KZM6,KZT-6.26 Курс Казахстанский Тенге - Рубль,FUTKZT062600,1fd8feed-4429-43b1-a521-ceb513c48b34,SPBFUT,2026-06-19T00:00:00+00:00,2025-10-08T11:31:00+00:00,1,rub,0.001,1.0,2424.11,2443.06,True,True,True
KZU6,KZT-9.26 Курс Казахстанский Тенге - Рубль,FKZT09260000,3da86f70-25a7-4092-bc1b-05cf84dad9fe,SPBFUT,2026-09-18T00:00:00+00:00,2026-03-17T20:48:00+00:00,1,rub,0.001,1.0,2492.33,2536.35,True,True,True
LDH7,PLDM-3.27 Палладий (мини),FPLDM0327000,1a32da3e-e280-4327-978a-caf8724f0d01,SPBFUT,2027-03-22T00:00:00+00:00,2026-03-10T11:17:00+00:00,1,rub,0.1,0.71209,2414.54,2535.19,True,True,True
LDM6,PLDM-6.26 Палладий (мини),FPLDM0626000,02710805-f1e4-44a3-bd52-aa77c007dec8,SPBFUT,2026-06-22T00:00:00+00:00,2026-03-10T07:13:00+00:00,1,rub,0.1,0.71209,2173.56,2191.29,True,True,True
LDU6,PLDM-9.26 Палладий (мини),FPLDM0926000,35c8c3a1-f9ab-49d1-8dd2-d17a1d152c7e,SPBFUT,2026-09-21T00:00:00+00:00,2026-03-10T07:19:00+00:00,1,rub,0.1,0.71209,2301.08,2378.19,True,True,True
LDZ6,PLDM-12.26 Палладий (мини),FPLDM1226000,61263ca8-2165-4646-852b-5fe1e83df74a,SPBFUT,2026-12-21T00:00:00+00:00,2026-03-10T11:17:00+00:00,1,rub,0.1,0.71209,2358.4,2457.61,True,True,True
LEM6,LEAS-6.26 Европлан,FLEAS0626000,21692bc2-5136-4e10-8a3d-715354d847ed,SPBFUT,2026-06-19T00:00:00+00:00,2026-02-26T19:41:00+00:00,1,rub,1.0,1.0,136.35,138.19,True,True,True
LEU6,LEAS-9.26 Европлан,FLEAS0926000,af035fa4-4978-41a9-97c7-f17d00cd3bd5,SPBFUT,2026-09-18T00:00:00+00:00,2026-03-11T10:42:00+00:00,1,rub,1.0,1.0,143.98,149.94,True,True,True
LKH7,LKOH-3.27 Лукойл,FLKOH0327000,f5f3ecb7-34b0-42c9-8d98-8d50c7754750,SPBFUT,2027-03-19T00:00:00+00:00,2026-03-19T09:50:00+00:00,1,rub,1.0,1.0,11541.32,12209.53,True,True,True
LKM6,LKOH-6.26 Лукойл,FUTLKOH06260,df758400-1d61-4a90-b9cc-c63acb0205a1,SPBFUT,2026-06-19T00:00:00+00:00,2025-09-10T08:18:00+00:00,1,rub,1.0,1.0,10497.86,10640.22,True,True,True
LKU6,LKOH-9.26 Лукойл,FUTLKOH09260,54b3c523-d152-4030-bbc0-7f31155cfca9,SPBFUT,2026-09-18T00:00:00+00:00,2025-09-13T15:24:00+00:00,1,rub,1.0,1.0,11995.86,12455.96,True,True,True
LKZ6,LKOH-12.26 Лукойл,FUTLKOH12260,e8594079-effb-4bbb-a130-8ad597d4f64b,SPBFUT,2026-12-18T00:00:00+00:00,2025-12-18T14:19:00+00:00,1,rub,1.0,1.0,11565.26,12242.59,True,True,True
LTH7,PLTM-3.27 Платина (мини),FPLTM0327000,8088a9cb-c731-4bc9-8977-197331b6c23a,SPBFUT,2027-03-22T00:00:00+00:00,2026-03-10T09:27:00+00:00,1,rub,0.1,0.71209,2927.48,3072.48,True,True,True
LTM6,PLTM-6.26 Платина (мини),FPLTM0626000,37e1f203-35ca-4869-9029-d77e433c219a,SPBFUT,2026-06-22T00:00:00+00:00,2026-03-10T07:06:00+00:00,1,rub,0.1,0.71209,2596.35,2617.52,True,True,True
LTU6,PLTM-9.26 Платина (мини),FPLTM0926000,8a1499df-251f-4615-b8ef-f9b3163b3f28,SPBFUT,2026-09-21T00:00:00+00:00,2026-03-10T08:52:00+00:00,1,rub,0.1,0.71209,2802.31,2905.18,True,True,True
LTZ6,PLTM-12.26 Платина (мини),FPLTM1226000,3f1e0852-b24c-44c1-94a6-5d577f5b5ecf,SPBFUT,2026-12-21T00:00:00+00:00,2026-03-10T09:27:00+00:00,1,rub,0.1,0.71209,2964.55,3130.94,True,True,True
MAM6,MMI-6.26 Индекс металлов и добычи,FUTMMI062600,dd97aa92-cf20-4ff5-b5e4-41790021e45b,SPBFUT,2026-06-19T00:00:00+00:00,2025-12-20T13:13:00+00:00,1,rub,1.0,1.0,1179.54,1194.91,True,True,True
MAU6,MMI-9.26 Индекс металлов и добычи,FMMI09260000,e802d58d-08c6-4040-9327-6b98a9e85e7c,SPBFUT,2026-09-18T00:00:00+00:00,2026-03-18T11:22:00+00:00,1,rub,1.0,1.0,1248.08,1381.52,True,True,True
MCM6,MTLR-6.26 Мечел,FMTLR0626000,6f4563c0-e853-46f2-98c7-3abce3cc7517,SPBFUT,2026-06-19T00:00:00+00:00,2026-02-24T13:25:00+00:00,1,rub,1.0,1.0,2776.2,2814.23,True,True,True
MCU6,MTLR-9.26 Мечел,FMTLR0926000,74087cea-f6b4-4144-99f8-b4a6646a9cb9,SPBFUT,2026-09-18T00:00:00+00:00,2026-03-05T08:42:00+00:00,1,rub,1.0,1.0,2818.79,2938.99,True,True,True
MDM6,MDMG-6.26 Мать и дитя,FUTMDMG06260,86a0470a-1970-4b21-89e5-ae74f08e2c9e,SPBFUT,2026-06-19T00:00:00+00:00,2025-12-22T13:12:00+00:00,1,rub,1.0,1.0,3339.05,3384.48,True,True,True
MDU6,MDMG-9.26 Мать и дитя,FMDMG0926000,ee0533ca-4d94-4f4b-a74b-20d382506438,SPBFUT,2026-09-18T00:00:00+00:00,2026-03-20T07:43:00+00:00,1,rub,1.0,1.0,3482.39,3627.98,True,True,True
MEM6,MOEX-6.26 Московская Биржа,FUTMOEX06260,f509c05f-990b-4fb2-b554-d24f57405d4f,SPBFUT,2026-06-19T00:00:00+00:00,2025-12-09T11:07:00+00:00,1,rub,1.0,1.0,3051.39,3092.65,True,True,True
MEU6,MOEX-9.26 Московская Биржа,FMOEX0926000,96acfab1-e3ef-4af1-b654-0026d02c3844,SPBFUT,2026-09-18T00:00:00+00:00,2026-03-05T14:16:00+00:00,1,rub,1.0,1.0,3233.86,3367.21,True,True,True
MGM6,MAGN-6.26 ММК,FUTMAGN06260,91deb39f-aa09-45a1-a734-e3483bf02918,SPBFUT,2026-06-19T00:00:00+00:00,2025-12-17T13:15:00+00:00,1,rub,1.0,1.0,4428.59,4488.47,True,True,True
MGU6,MAGN-9.26 ММК,FMAGN0926000,d2000737-9a23-47c5-98da-03794f519a8a,SPBFUT,2026-09-18T00:00:00+00:00,2026-03-16T19:57:00+00:00,1,rub,1.0,1.0,4749.28,4944.01,True,True,True
MMH7,MXI-3.27 Индекс МосБиржи (мини),FUTMXI032700,6b2805fd-9619-451f-821f-a27f8aaba3d2,SPBFUT,2027-03-19T00:00:00+00:00,2024-02-27T14:08:00+00:00,1,rub,0.05,0.5,3417.07,3603.18,True,True,True
MMH8,MXI-3.28 Индекс МосБиржи (мини),FMXI03280000,cadf4ab4-dc2a-44df-b4cf-b96cdfde992f,SPBFUT,2028-03-17T00:00:00+00:00,2026-03-20T06:46:00+00:00,1,rub,0.05,0.5,4155.4,4535.12,True,True,True
MMM6,MXI-6.26 Индекс МосБиржи (мини),FUTMXI062600,b56dbff4-788e-4872-afe2-27477979361d,SPBFUT,2026-06-19T00:00:00+00:00,2023-03-20T08:24:00+00:00,1,rub,0.05,0.5,2801.71,2837.64,True,True,True
MMM7,MXI-6.27 Индекс МосБиржи (мини),FUTMXI062700,56ab77d6-ca9c-4192-8d9c-3e1affcff942,SPBFUT,2027-06-18T00:00:00+00:00,2024-06-10T10:35:00+00:00,1,rub,0.05,0.5,3471.2,3669.41,True,True,True
MMU6,MXI-9.26 Индекс МосБиржи (мини),FUTMXI092600,d2b5daaf-092f-4695-a4b7-912b428250e3,SPBFUT,2026-09-18T00:00:00+00:00,2023-07-06T08:26:00+00:00,1,rub,0.05,0.5,3148.44,3272.46,True,True,True
MMU7,MXI-9.27 Индекс МосБиржи (мини),FUTMXI092700,5fdd5872-91ca-4d89-963c-51fb0cfaa335,SPBFUT,2027-09-17T00:00:00+00:00,2025-09-25T19:25:00+00:00,1,rub,0.05,0.5,3669.57,3923.16,True,True,True
MMZ6,MXI-12.26 Индекс МосБиржи (мини),FUTMXI122600,9a7a8576-f346-445c-8d46-a30ebfeab662,SPBFUT,2026-12-18T00:00:00+00:00,2023-10-05T12:50:00+00:00,1,rub,0.05,0.5,3397.5,3585.3,True,True,True
MMZ7,MXI-12.27 Индекс МосБиржи (мини),FUTMXI122700,bd06af70-5b47-42cd-8496-a961f9feb7a5,SPBFUT,2027-12-17T00:00:00+00:00,2023-09-05T13:09:00+00:00,1,rub,0.05,0.5,3922.28,4237.3,True,True,True
MNM6,MGNT-6.26 Магнит,FUTMGNT06260,68eadf9d-1422-4ec0-85e4-558c93be3ddf,SPBFUT,2026-06-19T00:00:00+00:00,2025-12-04T20:49:00+00:00,1,rub,1.0,1.0,545.91,553.33,True,True,True
MNU6,MGNT-9.26 Магнит,FMGNT0926000,b1f9c2d4-0c27-4ac7-9d07-6d3eb7114327,SPBFUT,2026-09-18T00:00:00+00:00,2026-03-06T06:19:00+00:00,1,rub,1.0,1.0,575.03,598.92,True,True,True
MTM6,MTSI-6.26 МТС,FUTMTSI06260,7518df98-e57f-4643-92f1-072fd37f190f,SPBFUT,2026-06-19T00:00:00+00:00,2025-12-20T08:26:00+00:00,1,rub,1.0,1.0,4072.94,4128.01,True,True,True
MTU6,MTSI-9.26 МТС,FMTSI0926000,a8ff2476-7df1-4681-8f2e-c8b0f6c589e0,SPBFUT,2026-09-18T00:00:00+00:00,2026-03-06T17:55:00+00:00,1,rub,1.0,1.0,4296.84,4474.4,True,True,True
MVM6,MVID-6.26 М.видео,FUTMVID06260,b0fa6da8-11c7-44d7-8cd3-5f09a5e45d0c,SPBFUT,2026-06-19T00:00:00+00:00,2025-12-18T11:22:00+00:00,1,rub,1.0,1.0,449.23,455.39,True,True,True
MVU6,MVID-9.26 М.видео,FMVID0926000,e01525c6-9cbd-4245-9e6a-ed6c837578a9,SPBFUT,2026-09-18T00:00:00+00:00,2026-03-10T10:57:00+00:00,1,rub,1.0,1.0,450.33,469.69,True,True,True
MXH7,MIX-3.27 Индекс МосБиржи,FUTMIX032700,13e09a7a-13f8-422c-878a-8d2e7b68b2d4,SPBFUT,2027-03-19T00:00:00+00:00,2025-12-18T11:53:00+00:00,1,rub,25.0,25.0,34135.49,35995.59,True,True,True
MXH8,MIX-3.28 Индекс МосБиржи,FMIX03280000,1ae174d2-315a-48ab-a302-2de788120cf6,SPBFUT,2028-03-17T00:00:00+00:00,2026-04-09T09:30:00+00:00,1,rub,25.0,25.0,41504.97,45299.56,True,True,True
MXM6,MIX-6.26 Индекс МосБиржи,FUTMIX062600,d64d4d08-03f5-4b25-938a-be39005d1b9a,SPBFUT,2026-06-19T00:00:00+00:00,2025-06-10T09:57:00+00:00,1,rub,25.0,25.0,28020.72,28380.13,True,True,True
MXM7,MIX-6.27 Индекс МосБиржи,FUTMIX062700,0e24a82c-4f50-4989-a879-e75661947a08,SPBFUT,2027-06-18T00:00:00+00:00,2025-12-17T14:42:00+00:00,1,rub,25.0,25.0,34714.54,36696.88,True,True,True
MXU6,MIX-9.26 Индекс МосБиржи,FUTMIX092600,8e2d5267-4f64-48a1-9f40-3c233b366f22,SPBFUT,2026-09-18T00:00:00+00:00,2025-09-06T07:18:00+00:00,1,rub,25.0,25.0,31482.64,32722.93,True,True,True
MXU7,MIX-9.27 Индекс МосБиржи,FUTMIX092700,c4950d2e-103e-4401-8044-efb34b5e9b68,SPBFUT,2027-09-17T00:00:00+00:00,2025-11-21T15:12:00+00:00,1,rub,25.0,25.0,37068.26,39619.24,True,True,True
MXZ6,MIX-12.26 Индекс МосБиржи,FUTMIX122600,3d96c0f8-9e6e-4c0a-bac8-44a5a1db8050,SPBFUT,2026-12-18T00:00:00+00:00,2025-09-19T07:42:00+00:00,1,rub,25.0,25.0,33976.28,35854.35,True,True,True
MXZ7,MIX-12.27 Индекс МосБиржи,FUTMIX122700,92117c50-cb94-4b36-a423-e18f12145692,SPBFUT,2027-12-17T00:00:00+00:00,2026-02-26T09:23:00+00:00,1,rub,25.0,25.0,39110.06,42255.06,True,True,True
MYM6,MOEXCNY-6.26 Индекс МосБиржи (в юанях),FUTMOEXC0626,5337cdef-1fbf-4c04-9b46-cd205ebcc329,SPBFUT,2026-06-19T00:00:00+00:00,2025-06-19T06:37:00+00:00,1,rub,0.1,1.05309,1697.12,1710.35,True,True,True
MYU6,MOEXCNY-9.26 Индекс МосБиржи (в юанях),FMOEXCN09260,cefb31e5-707b-4c43-a7b1-3ddb4261680e,SPBFUT,2026-09-18T00:00:00+00:00,2026-03-18T13:49:00+00:00,1,rub,0.1,1.05309,1758.39,1789.25,True,True,True
N2M6,NIKK-6.26 Nikkei 225,FUTNIKK06260,1f931174-2173-4119-918c-249c3b58258a,SPBFUT,2026-06-22T00:00:00+00:00,2025-12-15T10:42:00+00:00,1,rub,1.0,0.04477,458.02,461.75,True,True,True
N2U6,NIKK-9.26 Nikkei 225,FNIKK0926000,159be98d-0941-4d24-9e72-a25c418339cb,SPBFUT,2026-09-21T00:00:00+00:00,2026-03-12T20:44:00+00:00,1,rub,1.0,0.04477,471.1,479.46,True,True,True
NAH7,NASD-3.27 Nasdaq 100,FNASD0327000,4dfb75ea-75c0-4fbc-a75c-1629248696fc,SPBFUT,2027-03-22T00:00:00+00:00,2026-03-18T09:41:00+00:00,1,rub,1.0,0.71209,2839.33,2947.27,True,True,True
NAM6,NASD-6.26 Nasdaq 100,FUTNASD06260,4826b5b3-80b5-4373-8b86-fd50899716d3,SPBFUT,2026-06-22T00:00:00+00:00,2025-09-02T06:59:00+00:00,1,rub,1.0,0.71209,2484.29,2504.37,True,True,True
NAU6,NASD-9.26 Nasdaq 100,FUTNASD09260,3207f092-08ad-499c-bc53-28ae6b1e8c3d,SPBFUT,2026-09-21T00:00:00+00:00,2025-09-19T13:23:00+00:00,1,rub,1.0,0.71209,2591.44,2636.9,True,True,True
NAZ6,NASD-12.26 Nasdaq 100,FUTNASD12260,101261c9-028e-46d6-87a2-5a8e25c7cd72,SPBFUT,2026-12-21T00:00:00+00:00,2025-12-11T16:39:00+00:00,1,rub,1.0,0.71209,2701.42,2774.19,True,True,True
NBM6,BELUGA-6.26 НоваБев Групп,FUTBELUG0626,a712c6b9-3770-4c42-b507-5c8ef41b058e,SPBFUT,2026-06-19T00:00:00+00:00,2025-12-04T10:31:00+00:00,1,rub,1.0,1.0,131.06,132.85,True,True,True
NBU6,BELUGA-9.26 НоваБев Групп,FBELUGA09260,5a4bcb60-cc74-4fcf-abe0-9952232f9936,SPBFUT,2026-09-18T00:00:00+00:00,2026-03-13T13:51:00+00:00,1,rub,1.0,1.0,134.32,140.01,True,True,True
NCM6,NICKEL-6.26 Никель,FUTNICKE0626,b3403441-3c95-429b-bff3-45436ae2c603,SPBFUT,2026-06-17T00:00:00+00:00,2025-12-15T17:21:00+00:00,1,rub,5.0,3.56045,2347.38,2364.22,True,True,True
NCU6,NICKEL-9.26 Никель,FNICKEL09260,a0d9b576-e845-4f97-898e-7f1153c2cb79,SPBFUT,2026-09-16T00:00:00+00:00,2026-03-11T13:54:00+00:00,1,rub,5.0,3.56045,2525.56,2608.25,True,True,True
NDM6,INDIA-6.26 MSCI India Index,FINDIA062600,00e79374-f261-469d-b05d-6c14c721559d,SPBFUT,2026-06-22T00:00:00+00:00,2026-04-01T11:52:00+00:00,1,rub,0.001,0.71209,730.18,736.09,True,True,True
NDU6,INDIA-9.26 MSCI India Index,FINDIA092600,288463b7-181f-4da2-9c1c-82ff4195d59a,SPBFUT,2026-09-21T00:00:00+00:00,2026-04-01T11:52:00+00:00,1,rub,0.001,0.71209,764.03,777.41,True,True,True
NFLXperpA,Neo Netflix,NFLXPERP0000,bf924e1b-2544-46aa-9fa1-bb99deeba26b,SPBDMFUT,2100-01-01T00:00:00+00:00,2026-03-02T14:30:00+00:00,1,rub,0.01,0.7117,0.0,0.0,True,True,True
NGK6,NG-5.26 Природный газ,FUTNG0526000,8ef94c1a-4daf-4385-a1e9-a2f5e392c22a,SPBFUT,2026-05-28T00:00:00+00:00,2025-10-27T10:16:00+00:00,1,rub,0.001,7.1209,5721.15,5729.98,True,True,True
NGM6,NG-6.26 Природный газ,FUTNG0626000,117a1408-431f-4ba0-a041-5bba3123d4a8,SPBFUT,2026-06-29T00:00:00+00:00,2025-11-18T06:45:00+00:00,1,rub,0.001,7.1209,5944.72,6089.65,True,True,True
NGN6,NG-7.26 Природный газ,FUTNG0726000,ddd7405e-f3df-4c29-a876-e865013c4e54,SPBFUT,2026-07-30T00:00:00+00:00,2025-12-23T18:40:00+00:00,1,rub,0.001,7.1209,6170.95,6454.56,True,True,True
NGQ6,NG-8.26 Природный газ,FUTNG0826000,79d16f7f-3ca4-4ae2-aa5b-183ed22618e9,SPBFUT,2026-08-28T00:00:00+00:00,2026-01-21T06:58:00+00:00,1,rub,0.001,7.1209,6159.09,6431.77,True,True,True
NGU6,NG-9.26 Природный газ,FNG092600000,7326ae99-d9f1-4df1-8e3a-d85390686038,SPBFUT,2026-09-29T00:00:00+00:00,2026-02-17T06:07:00+00:00,1,rub,0.001,7.1209,6236.46,6545.5,True,True,True
NGV6,NG-10.26 Природный газ,FNG102600000,05f3c8cc-c0ec-4b06-88f9-930a2e33d3df,SPBFUT,2026-10-29T00:00:00+00:00,2026-03-20T06:08:00+00:00,1,rub,0.001,7.1209,6313.48,6629.23,True,True,True
NGX6,NG-11.26 Природный газ,FNG112600000,89efcc3f-ef59-4e26-b2f0-0f659f94ac93,SPBFUT,2026-11-26T00:00:00+00:00,2026-04-22T08:31:00+00:00,1,rub,0.001,7.1209,6418.03,6724.19,True,True,True
NGZ6,NG-12.26 Природный газ,FNG122600000,a73b487a-131c-4fca-9518-9cb715ca7b54,SPBFUT,2026-12-30T00:00:00+00:00,2026-05-20T08:33:00+00:00,1,rub,0.001,7.1209,6520.7,6853.3,True,True,True
NMM6,NLMK-6.26 NLMK,FUTNLMK06260,5cf71545-e9c3-468e-b403-fdc58dd7a98f,SPBFUT,2026-06-19T00:00:00+00:00,2025-12-08T06:58:00+00:00,1,rub,1.0,1.0,1452.35,1471.99,True,True,True
NMU6,NLMK-9.26 NLMK,FNLMK0926000,d08c2176-3cf2-4305-b52a-47324c76c7d7,SPBFUT,2026-09-18T00:00:00+00:00,2026-03-16T19:56:00+00:00,1,rub,1.0,1.0,1557.69,1621.56,True,True,True
NRK6,NGM-5.26 Природный газ (микро),FUTNGM052600,6800f624-45d2-41cb-b376-d02b3d625b8a,SPBFUT,2026-05-28T00:00:00+00:00,2025-10-23T08:51:00+00:00,1,rub,0.001,0.07121,57.22,57.3,True,True,True
NRM6,NGM-6.26 Природный газ (микро),FUTNGM062600,3a4df527-8b11-45e4-87ea-ad554032948a,SPBFUT,2026-06-29T00:00:00+00:00,2025-11-18T16:31:00+00:00,1,rub,0.001,0.07121,59.45,60.9,True,True,True
NRN6,NGM-7.26 Природный газ (микро),FUTNGM072600,e0c9038d-0b60-44c8-ada7-0904d75beb2f,SPBFUT,2026-07-30T00:00:00+00:00,2025-12-20T13:17:00+00:00,1,rub,0.001,0.07121,61.73,64.57,True,True,True
NRQ6,NGM-8.26 Природный газ (микро),FUTNGM082600,c3afbd5c-537f-446a-b376-88d93acf5d50,SPBFUT,2026-08-28T00:00:00+00:00,2026-01-20T15:38:00+00:00,1,rub,0.001,0.07121,61.64,64.37,True,True,True
NRU6,NGM-9.26 Природный газ (микро),FNGM09260000,c9d96475-8c7b-453c-8868-b16f878ea5fc,SPBFUT,2026-09-29T00:00:00+00:00,2026-02-16T13:54:00+00:00,1,rub,0.001,0.07121,62.4,65.49,True,True,True
NRV6,NGM-10.26 Природный газ (микро),FNGM10260000,463acd75-3409-41ca-93f0-b3c24eed9b20,SPBFUT,2026-10-29T00:00:00+00:00,2026-03-20T06:08:00+00:00,1,rub,0.001,0.07121,63.2,66.36,True,True,True
NRX6,NGM-11.26 Природный газ (микро),FNGM11260000,d8c63601-f9f1-4c2d-84b6-8e1dd888ebe3,SPBFUT,2026-11-26T00:00:00+00:00,2026-04-21T06:03:00+00:00,1,rub,0.001,0.07121,64.13,67.19,True,True,True
NRZ6,NGM-12.26 Природный газ (микро),FNGM12260000,057fb154-4ee9-4b65-ad20-d97ef3a24683,SPBFUT,2026-12-30T00:00:00+00:00,2026-05-19T11:04:00+00:00,1,rub,0.001,0.07121,65.06,68.38,True,True,True
NVM6,NOTKM-6.26 Новатэк,FUTNOTKM0626,a0c928b7-07c0-46af-b439-74649386b458,SPBFUT,2026-06-19T00:00:00+00:00,2025-11-27T18:57:00+00:00,1,rub,1.0,1.0,1970.18,1996.83,True,True,True
NVU6,NOTKM-9.26 Новатэк,FNOTKM092600,61ad5b00-7db9-42f5-a74b-7f04b2dff432,SPBFUT,2026-09-18T00:00:00+00:00,2026-03-05T11:32:00+00:00,1,rub,1.0,1.0,2111.81,2198.43,True,True,True
OGM6,OGI-6.26 Индекс нефти и газа,FUTOGI062600,97df5c35-9eb1-4a55-bce4-1d34b03e4b5b,SPBFUT,2026-06-19T00:00:00+00:00,2025-12-12T18:18:00+00:00,1,rub,1.0,1.0,1418.44,1436.92,True,True,True
OGU6,OGI-9.26 Индекс нефти и газа,FOGI09260000,cbcce886-4c68-434c-85e9-3b314afa12e7,SPBFUT,2026-09-18T00:00:00+00:00,2026-03-09T07:25:00+00:00,1,rub,1.0,1.0,1502.93,1564.69,True,True,True
OJN6,ORANGE-7.26 Апельсиновый сок,FORANGE07260,10c4dec3-1567-43a0-b751-23fd63b5f1c7,SPBFUT,2026-07-02T00:00:00+00:00,2026-02-21T13:39:00+00:00,1,rub,0.001,7.1209,2139.52,2181.84,True,True,True
OJU6,ORANGE-9.26 Апельсиновый сок,FORANGE09260,55e20c9c-c85f-404e-a428-3bd9e62d9ddf,SPBFUT,2026-09-02T00:00:00+00:00,2026-04-24T19:44:00+00:00,1,rub,0.001,7.1209,2253.35,2333.96,True,True,True
ONM6,OZON-6.26 Озон,FUTOZON06260,9048a285-f64a-4ae7-9fdf-1fc56cbc6c12,SPBFUT,2026-06-19T00:00:00+00:00,2026-02-10T07:02:00+00:00,1,rub,1.0,1.0,1057.97,1072.37,True,True,True
ONU6,OZON-9.26 Озон,FOZON0926000,7de9c299-f5fe-49fb-a19c-36d38a2e1f58,SPBFUT,2026-09-18T00:00:00+00:00,2026-03-11T09:45:00+00:00,1,rub,1.0,1.0,1105.53,1151.71,True,True,True
PDH7,PLD-3.27 Палладий,FPLD03270000,3ada17c0-b1f7-4d9d-9366-c154fb50ddb2,SPBFUT,2027-03-22T00:00:00+00:00,2026-03-17T07:13:00+00:00,1,rub,0.01,0.71209,24130.08,25335.69,True,True,True
PDM6,PLD-6.26 Палладий,FUTPLD062600,3205c4b7-a83b-442f-8b38-911e3dd564c9,SPBFUT,2026-06-22T00:00:00+00:00,2025-09-03T06:12:00+00:00,1,rub,0.01,0.71209,21715.42,21892.72,True,True,True
PDU6,PLD-9.26 Палладий,FUTPLD092600,8677985f-9148-4594-a7d3-84102a001b6b,SPBFUT,2026-09-21T00:00:00+00:00,2025-09-22T09:32:00+00:00,1,rub,0.01,0.71209,22987.72,23758.2,True,True,True
PDZ6,PLD-12.26 Палладий,FUTPLD122600,29361b62-8a46-4e03-bebd-5028562b9de4,SPBFUT,2026-12-21T00:00:00+00:00,2025-12-11T16:20:00+00:00,1,rub,0.01,0.71209,23549.35,24540.24,True,True,True
PHM6,PHOR-6.26 ФосАгро,FUTPHOR06260,fc13ccf3-0daa-4f40-a5e1-3dd1b1ba3730,SPBFUT,2026-06-19T00:00:00+00:00,2025-12-09T06:45:00+00:00,1,rub,1.0,1.0,1144.45,1159.92,True,True,True
PHU6,PHOR-9.26 ФосАгро,FPHOR0926000,5f6a15dc-00be-4b8b-a4af-88de7ad87f15,SPBFUT,2026-09-18T00:00:00+00:00,2026-03-06T06:51:00+00:00,1,rub,1.0,1.0,1225.81,1276.1,True,True,True
PIM6,PIKK-6.26 ПИК,FUTPIKK06260,a63645ae-aac0-41f5-b44f-bbab00b1a65d,SPBFUT,2026-06-19T00:00:00+00:00,2025-12-18T19:43:00+00:00,1,rub,1.0,1.0,1379.72,1398.49,True,True,True
PIU6,PIKK-9.26 ПИК,FPIKK0926000,c7702bb0-a4a1-4c04-bc18-f6e3876fa9d3,SPBFUT,2026-09-18T00:00:00+00:00,2026-03-17T16:23:00+00:00,1,rub,1.0,1.0,1437.1,1497.22,True,True,True
PSM6,POSI-6.26 Positive Technologies,FPOSI0626000,797e3ef0-6723-4b8b-95a1-77461c7f55bd,SPBFUT,2026-06-19T00:00:00+00:00,2026-02-24T08:10:00+00:00,1,rub,1.0,1.0,315.23,319.53,True,True,True
PSU6,POSI-9.26 Positive Technologies,FPOSI0926000,f9c506e3-afcd-44c9-ab1f-e8ab9d1a2952,SPBFUT,2026-09-18T00:00:00+00:00,2026-03-09T14:07:00+00:00,1,rub,1.0,1.0,324.96,338.67,True,True,True
PTH7,PLT-3.27 Платина,FPLT03270000,f8b6c3ff-b452-446a-984f-7d5721fefc9b,SPBFUT,2027-03-22T00:00:00+00:00,2026-03-12T20:39:00+00:00,1,rub,0.1,7.1209,29287.53,30738.08,True,True,True
PTM6,PLT-6.26 Платина,FUTPLT062600,98d2bf21-c859-4fc7-a281-5e590dbe73dc,SPBFUT,2026-06-22T00:00:00+00:00,2025-09-03T06:13:00+00:00,1,rub,0.1,7.1209,25971.55,26183.19,True,True,True
PTU6,PLT-9.26 Платина,FUTPLT092600,393fbce9-557c-4d9e-870b-fdee8488097f,SPBFUT,2026-09-21T00:00:00+00:00,2025-09-16T09:23:00+00:00,1,rub,0.1,7.1209,28031.22,29060.24,True,True,True
PTZ6,PLT-12.26 Платина,FUTPLT122600,9e451dd3-a8c4-4ae3-bfdd-b487f7980166,SPBFUT,2026-12-21T00:00:00+00:00,2025-12-17T06:43:00+00:00,1,rub,0.1,7.1209,29648.78,31313.06,True,True,True
PXM6,PLZLM-6.26 Полюс Золото,FUTPLZLM0626,8e0d5794-1a15-4440-87fe-0512a933549a,SPBFUT,2026-06-19T00:00:00+00:00,2025-12-09T08:52:00+00:00,1,rub,1.0,1.0,3706.55,3756.67,True,True,True
PXU6,PLZLM-9.26 Полюс Золото,FPLZLM092600,9bf88457-5382-4949-b8a7-36b98c9312e8,SPBFUT,2026-09-18T00:00:00+00:00,2026-03-06T12:16:00+00:00,1,rub,1.0,1.0,3972.0,4134.95,True,True,True
R2M6,R2000-6.26 Russell 2000,FUTR20000626,c09017ca-c9ea-4032-a23a-ba61bb09175f,SPBFUT,2026-06-22T00:00:00+00:00,2025-12-21T11:35:00+00:00,1,rub,0.1,7.1209,2406.35,2425.83,True,True,True
R2U6,R2000-9.26 Russell 2000,FR2000092600,8bfe25ca-91b5-41de-a715-85256c6aba4b,SPBFUT,2026-09-21T00:00:00+00:00,2026-03-27T09:19:00+00:00,1,rub,0.1,7.1209,2509.15,2553.18,True,True,True
RAM6,RASP-6.26 Распадская,FUTRASP06260,2b2b8b42-2b1d-4c36-918a-61ff25ea48a3,SPBFUT,2026-06-19T00:00:00+00:00,2025-12-10T16:59:00+00:00,1,rub,1.0,1.0,233.12,236.28,True,True,True
RAU6,RASP-9.26 Распадская,FRASP0926000,a47c2a27-10ba-4b05-b161-341a71df7256,SPBFUT,2026-09-18T00:00:00+00:00,2026-03-09T10:41:00+00:00,1,rub,1.0,1.0,249.45,259.69,True,True,True
RBH7,RGBI-3.27 Индекс Государственных облигаций,FRGBI0327000,118fa7a0-e3df-4cff-bd41-8f9c72a84ef5,SPBFUT,2027-03-02T00:00:00+00:00,2026-02-17T13:09:00+00:00,1,rub,1.0,1.0,1404.17,1454.47,True,True,True
RBM6,RGBI-6.26 Индекс Государственных облигаций,FUTRGBI06260,7bfa48a8-8736-47c6-99cc-e5512acc933a,SPBFUT,2026-06-02T00:00:00+00:00,2025-09-01T19:44:00+00:00,1,rub,1.0,1.0,1205.76,1208.52,True,True,True
RBM7,RGBI-6.27 Индекс Государственных облигаций,FRGBI0627000,89aab608-631f-4f70-bfa9-bd682d5e98db,SPBFUT,2027-06-02T00:00:00+00:00,2026-05-22T15:17:00+00:00,1,rub,1.0,1.0,1475.34,1544.21,True,True,True
RBU6,RGBI-9.26 Индекс Государственных облигаций,FUTRGBI09260,e39bdc1c-138c-4317-b341-d0b3d197facf,SPBFUT,2026-09-02T00:00:00+00:00,2025-09-01T08:04:00+00:00,1,rub,1.0,1.0,1279.93,1299.8,True,True,True
RBZ6,RGBI-12.26 Индекс Государственных облигаций,FUTRGBI12260,df2f8d53-d61c-4283-ae5f-844f11c7039b,SPBFUT,2026-12-02T00:00:00+00:00,2025-11-21T15:26:00+00:00,1,rub,1.0,1.0,1335.45,1368.58,True,True,True
RDM6,RENI-6.26 Ренессанс Страхование,FUTRENI06260,84233ca1-9331-4055-ad52-bc773f3083e9,SPBFUT,2026-06-19T00:00:00+00:00,2025-12-21T11:53:00+00:00,1,rub,1.0,1.0,2872.06,2911.26,True,True,True
RDU6,RENI-9.26 Ренессанс Страхование,FRENI0926000,6f76f0bc-6667-4378-a76e-6b2b5fe88ca1,SPBFUT,2026-09-18T00:00:00+00:00,2026-03-18T11:12:00+00:00,1,rub,1.0,1.0,2953.49,3078.21,True,True,True
RGBIF,RGBIF Индекс Государственных облигаций,FUTRGBIF0100,2f92f93e-4880-48ee-9444-41baf93d323c,SPBFUT,2099-12-31T00:00:00+00:00,2025-12-23T07:05:00+00:00,1,rub,0.01,1.0,1191.36,1191.76,True,True,True
RIH7,RTS-3.27 Индекс РТС,FUTRTS032700,3ae23307-715c-4daf-aac1-8f20578899df,SPBFUT,2027-03-19T00:00:00+00:00,2025-03-21T11:34:00+00:00,1,rub,10.0,14.2418,27640.81,28709.82,True,True,True
RIM6,RTS-6.26 Индекс РТС,FUTRTS062600,75ae795b-e89f-4ce8-8b67-e1cc76b07a42,SPBFUT,2026-06-19T00:00:00+00:00,2024-10-10T13:40:00+00:00,1,rub,10.0,14.2418,25023.92,25219.2,True,True,True
RIM7,RTS-6.27 Индекс РТС,FUTRTS062700,1d4db2a5-46a7-404a-983f-dcbda14caf00,SPBFUT,2027-06-18T00:00:00+00:00,2025-07-02T14:31:00+00:00,1,rub,10.0,14.2418,28693.7,30122.99,True,True,True
RIU6,RTS-9.26 Индекс РТС,FUTRTS092600,4c7312c3-6f66-46a1-a65b-ed399b90276e,SPBFUT,2026-09-18T00:00:00+00:00,2025-02-12T20:25:00+00:00,1,rub,10.0,14.2418,25839.84,26294.57,True,True,True
RIZ6,RTS-12.26 Индекс РТС,FUTRTS122600,8644937a-4b06-4710-8b9f-7085d893f95d,SPBFUT,2026-12-18T00:00:00+00:00,2024-12-26T18:09:00+00:00,1,rub,10.0,14.2418,26633.44,27358.28,True,True,True
RLM6,RUAL-6.26 РУСАЛ,FUTRUAL06260,e4cec68f-4ba4-4f05-bd3d-52795c49f9c6,SPBFUT,2026-06-19T00:00:00+00:00,2025-12-05T09:43:00+00:00,1,rub,1.0,1.0,606.3,614.5,True,True,True
RLU6,RUAL-9.26 РУСАЛ,FRUAL0926000,fb2e193d-2556-4eda-9952-f28fcfb10781,SPBFUT,2026-09-18T00:00:00+00:00,2026-03-06T10:33:00+00:00,1,rub,1.0,1.0,650.21,676.86,True,True,True
RMM6,RTSM-6.26 Индекс РТС (мини),FUTRTSM06260,956d5735-8d57-4be5-bda2-e1ca2fd8be1c,SPBFUT,2026-06-19T00:00:00+00:00,2025-06-18T14:07:00+00:00,1,rub,0.5,7.1209,2500.88,2520.39,True,True,True
RMU6,RTSM-9.26 Индекс РТС (мини),FRTSM0926000,105044a2-e360-4bec-bd5f-77b2359e5828,SPBFUT,2026-09-18T00:00:00+00:00,2026-03-16T07:34:00+00:00,1,rub,0.5,7.1209,2713.34,2758.78,True,True,True
RNM6,ROSN-6.26 Роснефть,FUTROSN06260,1385a6f4-cddc-453a-b673-374a370bf542,SPBFUT,2026-06-19T00:00:00+00:00,2023-05-15T19:42:00+00:00,1,rub,1.0,1.0,8136.16,8246.5,True,True,True
RNU6,ROSN-9.26 Роснефть,FUTROSN09260,3f6cfad5-35db-44c7-a7fc-d5ddd512b1b7,SPBFUT,2026-09-18T00:00:00+00:00,2025-09-29T07:16:00+00:00,1,rub,1.0,1.0,9055.01,9411.5,True,True,True
RQM6,RTKMP-6.26 Ростелеком,FUTRTKMP0626,405d1e78-0594-4078-8ac6-a1a90652a55f,SPBFUT,2026-06-19T00:00:00+00:00,2025-11-25T17:19:00+00:00,1,rub,1.0,1.0,1416.38,1435.65,True,True,True
RQU6,RTKMP-9.26 Ростелеком,FRTKMP092600,6c44b63c-b1a2-4d32-a8ab-c41dcd04abae,SPBFUT,2026-09-18T00:00:00+00:00,2026-03-26T09:18:00+00:00,1,rub,1.0,1.0,1478.51,1540.29,True,True,True
RTM6,RTKM-6.26 Ростелеком,FUTRTKM06260,7c2e0378-1be3-4817-8d18-e5b7d2f4d21d,SPBFUT,2026-06-19T00:00:00+00:00,2025-12-12T12:18:00+00:00,1,rub,1.0,1.0,924.72,937.22,True,True,True
RTU6,RTKM-9.26 Ростелеком,FRTKM0926000,f44087e4-6eb3-4af5-8631-d4b68706019d,SPBFUT,2026-09-18T00:00:00+00:00,2026-03-20T12:36:00+00:00,1,rub,1.0,1.0,989.69,1030.3,True,True,True
RUM6,RNFT-6.26 РуссНефть,FUTRNFT06260,0a88598b-3d3c-4ebd-9afe-c93f9963b918,SPBFUT,2026-06-19T00:00:00+00:00,2025-12-09T13:35:00+00:00,1,rub,1.0,1.0,259.42,262.95,True,True,True
RUU6,RNFT-9.26 РуссНефть,FRNFT0926000,19008171-0e8d-42ba-a926-385fffdb4cb1,SPBFUT,2026-09-18T00:00:00+00:00,2026-03-05T20:47:00+00:00,1,rub,1.0,1.0,271.2,282.52,True,True,True
S0M6,SOFL-6.26 Софтлайн,FUTSOFL06260,0a840860-a9d1-4472-9531-9be11758edf6,SPBFUT,2026-06-19T00:00:00+00:00,2025-12-14T09:05:00+00:00,1,rub,1.0,1.0,200.53,203.26,True,True,True
S0U6,SOFL-9.26 Софтлайн,FSOFL0926000,6261e03d-1add-49b5-be14-0f46b19504f5,SPBFUT,2026-09-18T00:00:00+00:00,2026-03-10T06:41:00+00:00,1,rub,1.0,1.0,206.46,215.18,True,True,True
S1H7,SILVM-3.27 Серебро (мини),FSILVM032700,de46047a-3989-4bf8-9606-a6b0e6ee3cfc,SPBFUT,2027-03-22T00:00:00+00:00,2026-03-16T06:07:00+00:00,1,rub,0.01,0.71209,1245.5,1294.45,True,True,True
S1M6,SILVM-6.26 Серебро (мини),FUTSILVM0626,6cc8b558-3782-4e1c-90a5-a27e99487c05,SPBFUT,2026-06-22T00:00:00+00:00,2025-11-20T15:31:00+00:00,1,rub,0.01,0.71209,1142.42,1148.55,True,True,True
S1U6,SILVM-9.26 Серебро (мини),FUTSILVM0926,e9537178-faa0-470b-ab7b-090cec3cd691,SPBFUT,2026-09-21T00:00:00+00:00,2025-11-20T15:32:00+00:00,1,rub,0.01,0.71209,1171.02,1189.37,True,True,True
S1Z6,SILVM-12.26 Серебро (мини),FUTSILVM1226,c6403e35-bfc7-40a4-969a-89902f30aafa,SPBFUT,2026-12-21T00:00:00+00:00,2025-12-11T19:27:00+00:00,1,rub,0.01,0.71209,1207.56,1240.92,True,True,True
S2M6,SL-6.26 Серебро (rub),FSL062600000,48cf10c4-4cfe-4f9d-b9c3-f40b1d65ef62,SPBFUT,2026-06-19T00:00:00+00:00,2026-03-31T09:47:00+00:00,1,rub,0.01,1.0,3612.53,3665.6,True,True,True
S2U6,SL-9.26 Серебро (rub),FSL092600000,289776ae-639b-49c3-b2b6-89a60431c5a5,SPBFUT,2026-09-18T00:00:00+00:00,2026-04-02T10:22:00+00:00,1,rub,0.01,1.0,3781.9,3918.41,True,True,True
S3M6,SOL-6.26 Солана,FSOL06260000,a12a3e28-3f26-4f18-8ed0-91c404d527f9,SPBFUT,2026-06-29T00:00:00+00:00,2026-05-14T07:38:00+00:00,1,rub,0.01,0.71209,2721.34,2749.92,True,True,True
S3N6,SOL-7.26 Солана,FSOL07260000,5b23a5a5-f065-41d7-96af-d01e5e28b318,SPBFUT,2026-08-03T00:00:00+00:00,2026-05-14T16:04:00+00:00,1,rub,0.01,0.71209,2742.07,2795.26,True,True,True
S3Q6,SOL-8.26 Солана,FSOL08260000,cb79823b-fb37-4dc6-a800-d19d187feb36,SPBFUT,2026-08-31T00:00:00+00:00,2026-05-17T13:40:00+00:00,1,rub,0.01,0.71209,2733.8,2775.99,True,True,True
SAN6,SUGR-7.26 Сахар мировой,FSUGR0726000,cec63304-dd82-4cc3-8460-69c57241ee89,SPBFUT,2026-07-01T00:00:00+00:00,2026-02-18T19:51:00+00:00,1,rub,0.01,10.16,3770.67,3815.92,True,True,True
SAV6,SUGR-10.26 Сахар мировой,FSUGR1026000,ced9818c-ada8-4ce7-a4d5-362a4091365b,SPBFUT,2026-10-01T00:00:00+00:00,2026-04-23T07:48:00+00:00,1,rub,0.01,10.16,4031.06,4171.61,True,True,True
SBERF,SBERF Сбер Банк (обыкновенные),FUTSBERF0000,9e9c5921-43ac-47a8-b537-ccf32ebc6da3,SPBFUT,2099-12-31T00:00:00+00:00,2024-10-01T07:04:00+00:00,1,rub,0.01,1.0,5487.28,5490.29,True,True,True
SCM6,SVCB-6.26 Совкомбанк,FUTSVCB06260,f11c5bbc-a86c-4ca8-921b-bdcbed18f7b4,SPBFUT,2026-06-19T00:00:00+00:00,2025-12-09T14:52:00+00:00,1,rub,1.0,1.0,210.2,213.04,True,True,True
SCU6,SVCB-9.26 Совкомбанк,FSVCB0926000,e0eebca6-50f4-42b0-b7c7-29e1bccb555e,SPBFUT,2026-09-18T00:00:00+00:00,2026-03-05T13:31:00+00:00,1,rub,1.0,1.0,224.8,234.03,True,True,True
SDM6,SAUDI-6.26 MSCI Saudi Arabia ETF,FUTSAUDI0626,d33f8ee0-91b7-4282-9ef8-6c02dc9b42f0,SPBFUT,2026-06-22T00:00:00+00:00,2025-12-10T17:12:00+00:00,1,rub,0.01,0.71209,321.78,324.38,True,True,True
SDU6,SAUDI-9.26 MSCI Saudi Arabia ETF,FSAUDI092600,c0b5a64e-4581-4fa9-ba94-92db5a71cc7c,SPBFUT,2026-09-21T00:00:00+00:00,2026-03-15T12:27:00+00:00,1,rub,0.01,0.71209,330.3,334.8,True,True,True
SFH7,SPYF-3.27 инвестиционные паи SPY ETF Trust,FSPYF0327000,9a5668b1-c018-4f15-94c4-9bf9a3714ccd,SPBFUT,2027-03-22T00:00:00+00:00,2026-03-17T10:58:00+00:00,1,rub,0.01,0.71209,7185.84,7459.05,True,True,True
SFM6,SPYF-6.26 инвестиционные паи SPY ETF Trust,FUTSPYF06260,5ef489a0-aa84-4960-888b-430bffc06fb0,SPBFUT,2026-06-22T00:00:00+00:00,2025-08-31T11:19:00+00:00,1,rub,0.01,0.71209,6288.62,6339.49,True,True,True
SFU6,SPYF-9.26 инвестиционные паи SPY ETF Trust,FUTSPYF09260,1b5849bb-20fe-4e29-af64-c8a637df1e36,SPBFUT,2026-09-21T00:00:00+00:00,2025-09-11T17:13:00+00:00,1,rub,0.01,0.71209,6803.6,6918.69,True,True,True
SFZ6,SPYF-12.26 инвестиционные паи SPY ETF Trust,FUTSPYF12260,20dffec2-ac8c-4776-8ea5-910dd42587e9,SPBFUT,2026-12-21T00:00:00+00:00,2025-12-18T13:25:00+00:00,1,rub,0.01,0.71209,6841.45,7025.71,True,True,True
SGM6,SNGP-6.26 Сургутнефтегаз (привилегированные),FUTSNGP06260,394e7e7d-8da4-4e4b-ba1a-71fbb99ac6bb,SPBFUT,2026-06-19T00:00:00+00:00,2025-12-08T06:49:00+00:00,1,rub,1.0,1.0,8358.13,8471.46,True,True,True
SGU6,SNGP-9.26 Сургутнефтегаз (привилегированные),FSNGP0926000,c041e10a-4534-4a47-9c77-e3581d0b85f4,SPBFUT,2026-09-18T00:00:00+00:00,2026-03-05T11:31:00+00:00,1,rub,1.0,1.0,8841.57,9207.5,True,True,True
SHM6,SFIN-6.26 ЭсЭфАй,FUTSFIN06260,262c8f48-98d2-4f24-89e1-4146dcdfba6e,SPBFUT,2026-06-19T00:00:00+00:00,2025-12-04T15:37:00+00:00,1,rub,0.2,0.2,262.32,265.9,True,True,True
SHU6,SFIN-9.26 ЭсЭфАй,FSFIN0926000,9e1b6075-54ee-46dd-a2ab-903305138122,SPBFUT,2026-09-18T00:00:00+00:00,2026-03-23T20:04:00+00:00,1,rub,0.2,0.2,269.52,280.9,True,True,True
SLVRUBF,SLVRUBF Серебро (rub),FSLVRUB00000,03e5c7cd-6d62-4396-9786-aeb828a5ddfa,SPBFUT,2099-12-31T00:00:00+00:00,2026-03-31T07:08:00+00:00,1,rub,0.01,1.0,3513.07,3515.96,True,True,True
SNM6,SNGR-6.26 Сургутнефтегаз,FUTSNGR06260,6484b3d0-4355-4a5a-a180-c18742fedaa8,SPBFUT,2026-06-19T00:00:00+00:00,2025-12-16T13:59:00+00:00,1,rub,1.0,1.0,3935.01,3988.37,True,True,True
SNU6,SNGR-9.26 Сургутнефтегаз,FSNGR0926000,79d04ddb-fd1a-4226-8e88-3a38174da947,SPBFUT,2026-09-18T00:00:00+00:00,2026-03-06T11:51:00+00:00,1,rub,1.0,1.0,4154.13,4326.23,True,True,True
SOLUSDperpA,Neo Solana,SOLUSDPERP00,0ba36a98-663b-4a33-983f-26a44ab64e62,SPBDMFUT,2100-01-01T00:00:00+00:00,2026-04-17T04:00:00+00:00,1,rub,0.01,0.07216,0.0,0.0,True,True,True
SOM6,SIBN-6.26 Газпром нефть,FUTSIBN06260,3b7f9ec5-a67f-4ea2-ae45-ad12a1257978,SPBFUT,2026-06-19T00:00:00+00:00,2025-12-13T15:35:00+00:00,1,rub,1.0,1.0,957.24,970.19,True,True,True
SOU6,SIBN-9.26 Газпром нефть,FSIBN0926000,afa96ee6-2783-4b29-ab9c-1c1e469a0d5d,SPBFUT,2026-09-18T00:00:00+00:00,2026-03-06T13:10:00+00:00,1,rub,1.0,1.0,1016.54,1058.46,True,True,True
SPH7,SBPR-3.27 Сбер Банк (привилегированные),FSBPR0327000,578e2cfb-7c12-4468-9e96-0a1e10eca0c4,SPBFUT,2027-03-19T00:00:00+00:00,2026-03-19T14:20:00+00:00,1,rub,1.0,1.0,6283.25,6644.76,True,True,True
SPM6,SBPR-6.26 Сбер Банк (привилегированные),FUTSBPR06260,aaa28144-6bb3-4bb4-9d8c-e83fa92dee48,SPBFUT,2026-06-19T00:00:00+00:00,2025-09-10T17:23:00+00:00,1,rub,1.0,1.0,5672.34,5749.03,True,True,True
SPU6,SBPR-9.26 Сбер Банк (привилегированные),FUTSBPR09260,1948a3bf-7d8d-491f-931e-8708c455f5aa,SPBFUT,2026-09-18T00:00:00+00:00,2025-10-24T13:47:00+00:00,1,rub,1.0,1.0,6006.2,6253.96,True,True,True
SPZ6,SBPR-12.26 Сбер Банк (привилегированные),FUTSBPR12260,8fdf4716-5d3e-43ce-a5ba-9626ab308b61,SPBFUT,2026-12-18T00:00:00+00:00,2025-12-18T11:47:00+00:00,1,rub,1.0,1.0,6259.97,6625.28,True,True,True
SQM6,SOXQ-6.26 Nasdaq PHLX Semiconductor Sector Index,FUTSOXQ06260,2cf3cb60-b3b4-4962-9977-8948049aa36d,SPBFUT,2026-06-22T00:00:00+00:00,2025-12-17T14:43:00+00:00,1,rub,0.01,0.71209,805.33,811.84,True,True,True
SQU6,SOXQ-9.26 Nasdaq PHLX Semiconductor Sector Index,FSOXQ0926000,f7f1b3bb-d19c-4b27-aa69-e6e42fc8aee8,SPBFUT,2026-09-21T00:00:00+00:00,2026-03-16T06:20:00+00:00,1,rub,0.01,0.71209,859.26,878.67,True,True,True
SRH7,SBRF-3.27 Сбер Банк (обыкновенные),FSBRF0327000,04fe67cf-0bb7-492c-84cc-40945fc0eec0,SPBFUT,2027-03-19T00:00:00+00:00,2026-03-14T10:10:00+00:00,1,rub,1.0,1.0,6283.58,6644.89,True,True,True
SRM6,SBRF-6.26 Сбер Банк (обыкновенные),FUTSBRF06260,755574b5-703f-4a2f-9e1d-137c8cb90850,SPBFUT,2026-06-19T00:00:00+00:00,2025-09-08T19:36:00+00:00,1,rub,1.0,1.0,5665.51,5742.11,True,True,True
SRU6,SBRF-9.26 Сбер Банк (обыкновенные),FUTSBRF09260,f532beef-65bb-4a42-894c-e9bc728f93c4,SPBFUT,2026-09-18T00:00:00+00:00,2025-09-12T10:54:00+00:00,1,rub,1.0,1.0,6163.77,6411.31,True,True,True
SRZ6,SBRF-12.26 Сбер Банк (обыкновенные),FUTSBRF12260,fd32e9a3-d386-48fd-b0a8-0c1cc2ae95c6,SPBFUT,2026-12-18T00:00:00+00:00,2025-12-19T09:31:00+00:00,1,rub,1.0,1.0,6263.46,6628.67,True,True,True
SSM6,SMLT-6.26 Самолет,FUTSMLT06260,2ffd3b8a-294d-4b68-8e57-22063a57feb1,SPBFUT,2026-06-19T00:00:00+00:00,2025-12-08T17:30:00+00:00,1,rub,1.0,1.0,242.77,246.1,True,True,True
SSU6,SMLT-9.26 Самолет,FSMLT0926000,bb3c0d79-72c2-4076-b276-c99ae19197e5,SPBFUT,2026-09-18T00:00:00+00:00,2026-03-20T08:33:00+00:00,1,rub,1.0,1.0,246.42,256.93,True,True,True
SVH7,SILV-3.27 Серебро,FSILV0327000,b023e155-889b-491a-9769-cd14aa6e8d89,SPBFUT,2027-03-22T00:00:00+00:00,2026-03-06T09:59:00+00:00,1,rub,0.01,7.1209,12779.31,13417.35,True,True,True
SVM6,SILV-6.26 Серебро,FUTSILV06260,409684ad-8b1d-4899-807c-104c352b5cb7,SPBFUT,2026-06-22T00:00:00+00:00,2025-06-09T06:16:00+00:00,1,rub,0.01,7.1209,11497.07,11590.89,True,True,True
SVU6,SILV-9.26 Серебро,FUTSILV09260,4efee70d-e626-495b-af30-b6ccd9b566e3,SPBFUT,2026-09-21T00:00:00+00:00,2025-09-15T07:50:00+00:00,1,rub,0.01,7.1209,12578.8,12987.05,True,True,True
SVZ6,SILV-12.26 Серебро,FUTSILV12260,e889c757-ce26-46b1-a908-2565fd5e134a,SPBFUT,2026-12-21T00:00:00+00:00,2025-12-05T16:11:00+00:00,1,rub,0.01,7.1209,12495.35,13020.28,True,True,True
SXM6,STOX-6.26 EURO STOXX 50,FUTSTOX06260,eb48beb0-5eae-4ce5-b1b5-c62eedb93a80,SPBFUT,2026-06-22T00:00:00+00:00,2025-12-15T12:24:00+00:00,1,rub,0.1,0.08254,727.04,732.94,True,True,True
SXU6,STOX-9.26 EURO STOXX 50,FSTOX0926000,1daaff20-82f2-40ec-a588-d765caa7af5a,SPBFUT,2026-09-21T00:00:00+00:00,2026-03-20T09:56:00+00:00,1,rub,0.1,0.08254,751.41,764.7,True,True,True
SZM6,SGZH-6.26 Сегежа,FUTSGZH06260,06fa01e3-f336-44d8-b735-ff0068dee59e,SPBFUT,2026-06-19T00:00:00+00:00,2025-12-10T12:57:00+00:00,1,rub,1.0,1.0,593.3,601.45,True,True,True
SZU6,SGZH-9.26 Сегежа,FSGZH0926000,76a5f2c2-08ee-4026-93d5-9bf9bd7ae730,SPBFUT,2026-09-18T00:00:00+00:00,2026-03-06T06:16:00+00:00,1,rub,1.0,1.0,596.81,622.43,True,True,True
SiH7,Si-3.27 Курс доллар - рубль,FUTSi0327000,76d6a73e-c555-4de6-a66d-be99d96ed449,SPBFUT,2027-03-19T00:00:00+00:00,2025-03-14T13:38:00+00:00,1,rub,1.0,1.0,12028.11,12494.8,True,True,True
SiM6,Si-6.26 Курс доллар - рубль,FUTSI0626000,b4df2961-035a-4dcd-8372-9af0db10d2c9,SPBFUT,2026-06-19T00:00:00+00:00,2024-06-25T07:05:00+00:00,1,rub,1.0,1.0,10924.25,11009.66,True,True,True
SiM7,Si-6.27 Курс доллар - рубль,FUTSi0627000,fa523cf8-27cb-4582-8f8c-74ddee9e6703,SPBFUT,2027-06-18T00:00:00+00:00,2025-06-20T08:32:00+00:00,1,rub,1.0,1.0,12494.22,13118.38,True,True,True
SiU6,Si-9.26 курс доллар США - российский рубль,FUTSI0926000,574d37d8-9de4-423a-9e33-b936002d8bda,SPBFUT,2026-09-18T00:00:00+00:00,2024-09-18T13:04:00+00:00,1,rub,1.0,1.0,11244.14,11442.68,True,True,True
SiU7,Si-9.27 Курс доллар - рубль,FSi092700000,85a2eee9-1792-47df-a99b-3719ef01cbe7,SPBFUT,2027-09-17T00:00:00+00:00,2026-03-16T12:06:00+00:00,1,rub,1.0,1.0,12989.26,13778.73,True,True,True
SiZ6,Si-12.26 курс доллар США - российский рубль,FUTSI1226000,2dd5eb6b-7a52-4186-a0ec-9f7f6ed6fbd7,SPBFUT,2026-12-18T00:00:00+00:00,2024-12-17T15:18:00+00:00,1,rub,1.0,1.0,11585.31,11901.71,True,True,True
SuM6,SUGAR-6.26 Сахар российский,FSUGAR062600,c7524add-790b-46f4-be49-bb0bab2df93b,SPBFUT,2026-06-16T00:00:00+00:00,2026-04-09T14:57:00+00:00,1,rub,10.0,1.0,971.78,982.83,True,True,True
SuN6,SUGAR-7.26 Сахар российский,FSUGAR072600,10e8d50d-74b3-425c-a1ff-90c877b36f58,SPBFUT,2026-07-16T00:00:00+00:00,2026-05-20T15:29:00+00:00,1,rub,10.0,1.0,1012.82,1040.35,True,True,True
TBM6,T-6.26 Т-Технологии,FUTT06260000,12275713-0583-4add-a4a5-c7dd234d4f34,SPBFUT,2026-06-19T00:00:00+00:00,2025-12-09T14:03:00+00:00,1,rub,1.0,1.0,551.58,559.03,True,True,True
TBU6,T-9.26 Т-Технологии,FT0926000000,1c9095be-2dbd-46a6-95d5-e9d53936da91,SPBFUT,2026-09-18T00:00:00+00:00,2026-04-21T12:22:00+00:00,1,rub,1.0,1.0,589.59,613.8,True,True,True
TCM6,TENCENT-6.26 Tencent,FUTTENCE0626,9340092f-2941-4843-961d-9ca32a7ebe2a,SPBFUT,2026-06-22T00:00:00+00:00,2026-01-16T16:51:00+00:00,1,rub,0.1,9.0851,5669.47,5715.48,True,True,True
TCU6,TENCENT-9.26 Tencent,FTENCEN09260,8fb61f2a-3950-46f9-ba29-b560d27c3221,SPBFUT,2026-09-21T00:00:00+00:00,2026-03-26T15:03:00+00:00,1,rub,0.1,9.0851,5875.95,5979.69,True,True,True
TLM6,TLT-6.26 Индекс казначейских облигаций США,FUTTLT062600,559b1cd0-a85a-4e56-838d-5341550de377,SPBFUT,2026-06-22T00:00:00+00:00,2025-12-22T09:47:00+00:00,1,rub,0.01,7.1209,4393.25,4428.33,True,True,True
TLU6,TLT-9.26 Индекс казначейских облигаций США,FTLT09260000,62d8f8bf-f90f-4be2-bc68-794ee5a8ad01,SPBFUT,2026-09-21T00:00:00+00:00,2026-03-27T08:07:00+00:00,1,rub,0.01,7.1209,4713.28,4793.86,True,True,True
TNM6,TRNF-6.26 Транснефть (привилегированные),FUTTRNF06260,9373b8b2-ab7f-49ce-a05f-75261f8c658a,SPBFUT,2026-06-19T00:00:00+00:00,2025-12-08T14:25:00+00:00,1,rub,1.0,1.0,289.61,293.55,True,True,True
TNU6,TRNF-9.26 Транснефть (привилегированные),FTRNF0926000,23ce6e6a-125c-40c3-83b7-ffdc4a93e614,SPBFUT,2026-09-18T00:00:00+00:00,2026-03-10T09:57:00+00:00,1,rub,1.0,1.0,302.98,315.58,True,True,True
TPM6,TATP-6.26 Татнефть (привилегированные),FUTTATP06260,0fd10684-0eaa-4f3a-860c-64f4f2597929,SPBFUT,2026-06-19T00:00:00+00:00,2025-12-11T20:21:00+00:00,1,rub,1.0,1.0,1192.52,1208.69,True,True,True
TPU6,TATP-9.26 Татнефть (привилегированные),FTATP0926000,ae6a9b9e-3886-4992-b69e-bbc819afe67c,SPBFUT,2026-09-18T00:00:00+00:00,2026-03-10T10:09:00+00:00,1,rub,1.0,1.0,1261.84,1314.05,True,True,True
TRXUSDperpA,Neo Tron,TRXUSDPERP00,f4272f02-6e3f-49b9-b48d-c8aedfcb1617,SPBDMFUT,2100-01-01T00:00:00+00:00,2026-04-17T04:00:00+00:00,1,rub,1e-05,0.007216,0.0,0.0,True,True,True
TSLAperpA,Neo Tesla,TSLAPERP0000,f8b9fd3f-96b0-43be-a4c2-73863b1bfee8,SPBDMFUT,2100-01-01T00:00:00+00:00,2026-03-02T14:30:00+00:00,1,rub,0.01,0.7117,0.0,0.0,True,True,True
TTM6,TATN-6.26 Татнефть,FUTTATN06260,9fda7c96-ad35-4085-ab48-28d6e617b116,SPBFUT,2026-06-19T00:00:00+00:00,2025-12-22T13:12:00+00:00,1,rub,1.0,1.0,10910.85,11058.37,True,True,True
TTU6,TATN-9.26 Татнефть,FTATN0926000,7796247e-bf54-4041-9f04-4c09612bd553,SPBFUT,2026-09-18T00:00:00+00:00,2026-03-09T06:13:00+00:00,1,rub,1.0,1.0,11675.75,12154.98,True,True,True
TXM6,TRX-6.26 Трон,FTRX06260000,2127fe87-8121-4f23-9d76-26c88fd817ea,SPBFUT,2026-06-29T00:00:00+00:00,2026-05-14T07:05:00+00:00,1,rub,0.0001,0.71209,903.67,913.14,True,True,True
TXN6,TRX-7.26 Трон,FTRX07260000,617ac974-1825-4415-b3ad-fc7a378cf86d,SPBFUT,2026-08-03T00:00:00+00:00,2026-05-14T12:58:00+00:00,1,rub,0.0001,0.71209,913.3,930.96,True,True,True
TXQ6,TRX-8.26 Трон,FTRX08260000,c7071506-902f-4644-9905-4ccc16eeff31,SPBFUT,2026-08-31T00:00:00+00:00,2026-05-14T14:24:00+00:00,1,rub,0.0001,0.71209,908.98,922.97,True,True,True
TYM6,TRY-6.26 Курс Турецкая лира - Рубль,FUTTRY062600,ce9251ba-cdd6-47ef-9e55-53ef491d63c0,SPBFUT,2026-06-19T00:00:00+00:00,2025-06-19T18:39:00+00:00,1,rub,0.001,1.0,475.43,481.66,True,True,True
TYU6,TRY-9.26 Курс Турецкая лира - Рубль,FTRY09260000,b922bca0-49f7-443c-9c47-5962a07465c8,SPBFUT,2026-09-18T00:00:00+00:00,2026-03-09T16:40:00+00:00,1,rub,0.001,1.0,487.93,508.07,True,True,True
UCH7,UCNY-3.27 Курс доллар США - Юань,FUCNY0327000,82dc4c78-089a-46c0-8bab-7c011a00a820,SPBFUT,2027-03-19T00:00:00+00:00,2026-03-06T10:19:00+00:00,1,rub,0.001,10.5309,8038.67,8338.0,True,True,True
UCM6,UCNY-6.26 Курс доллар США - Юань,FUTUCNY06260,2e22d025-678a-4775-9ae4-54dd00379761,SPBFUT,2026-06-19T00:00:00+00:00,2025-10-06T09:37:00+00:00,1,rub,0.001,10.5309,6726.01,6760.92,True,True,True
UCU6,UCNY-9.26 Курс доллар США - Юань,FUTUCNY09260,149c071c-f640-4ef1-bd5a-2bd31b04de28,SPBFUT,2026-09-18T00:00:00+00:00,2025-09-15T11:20:00+00:00,1,rub,0.001,10.5309,7200.51,7324.81,True,True,True
UCZ6,UCNY-12.26 Курс доллар США - Юань,FUTUCNY12260,5eb4aa7f-56b2-4cc6-a058-b6c3c769b4e6,SPBFUT,2026-12-18T00:00:00+00:00,2025-12-05T19:21:00+00:00,1,rub,0.001,10.5309,7577.21,7777.62,True,True,True
UNM6,UPRO-6.26 Юнипро,FUTUPRO06260,d67bafa2-bfe4-4967-9200-628f2c73838e,SPBFUT,2026-06-19T00:00:00+00:00,2025-12-10T15:10:00+00:00,1,rub,1.0,1.0,2813.83,2851.99,True,True,True
UNU6,UPRO-9.26 Юнипро,FUPRO0926000,91881d65-2009-46da-8ef0-1daaeb96239f,SPBFUT,2026-09-18T00:00:00+00:00,2026-03-05T12:20:00+00:00,1,rub,1.0,1.0,2983.37,3106.7,True,True,True
USDRUBF,USDRUBF Доллар - Рубль,FUTUSDRUBF00,48706c30-0bd7-42ad-a936-150287cd9de4,SPBFUT,2099-12-31T00:00:00+00:00,2022-04-26T07:00:00+00:00,1,rub,0.01,10.0,10691.3,10694.82,True,True,True
VBM6,VTBR-6.26 ВТБ,FUTVTBR06260,afc12ed1-7ff7-4170-9cf1-634b27970e87,SPBFUT,2026-06-19T00:00:00+00:00,2025-12-05T09:44:00+00:00,1,rub,1.0,1.0,1578.91,1600.26,True,True,True
VBU6,VTBR-9.26 ВТБ,FVTBR0926000,d4cf8101-c236-4415-a410-3d395cbee9eb,SPBFUT,2026-09-18T00:00:00+00:00,2026-03-05T20:49:00+00:00,1,rub,1.0,1.0,1670.38,1739.31,True,True,True
VIM6,RVI-6.26 Волатильность российского рынка,FRVI06260000,4ef4b1a3-dadf-4438-9fdf-77f689fec1c9,SPBFUT,2026-06-19T00:00:00+00:00,2026-04-08T10:34:00+00:00,1,rub,0.05,7.1209,1422.68,1423.62,True,True,True
VIN6,RVI-7.26 Волатильность российского рынка,FRVI07260000,0b9b3142-2a1e-40b2-ae5d-f447febc47e5,SPBFUT,2026-07-17T00:00:00+00:00,2026-05-12T15:38:00+00:00,1,rub,0.05,7.1209,1423.77,1425.8,True,True,True
VKM6,VKCO-6.26 ВК,FUTVKCO06260,d88c0958-6b18-47d7-b72c-78b854e1425e,SPBFUT,2026-06-19T00:00:00+00:00,2025-12-05T16:41:00+00:00,1,rub,1.0,1.0,652.46,661.34,True,True,True
VKU6,VKCO-9.26 ВК,FVKCO0926000,4da34040-a472-41a8-8158-23c83037f5ef,SPBFUT,2026-09-18T00:00:00+00:00,2026-03-05T20:06:00+00:00,1,rub,1.0,1.0,680.47,708.93,True,True,True
W4F7,WHEAT-1.27 Индекс Пшеницы,FUTWHEAT0127,69f29a6f-6eb1-436d-8514-982c8ddf951d,SPBFUT,2027-02-01T00:00:00+00:00,2026-02-02T15:24:00+00:00,1,rub,10.0,10.0,2159.29,2275.94,True,True,True
W4G7,WHEAT-2.27 Индекс Пшеницы,FWHEAT022700,2be59ee6-a6c4-4daa-aa27-5dd245a168ee,SPBFUT,2027-03-01T00:00:00+00:00,2026-02-27T17:31:00+00:00,1,rub,10.0,10.0,2150.56,2264.33,True,True,True
W4H7,WHEAT-3.27 Индекс Пшеницы,FWHEAT032700,45b62cf4-fc21-4885-82c2-0c6fa0e6b852,SPBFUT,2027-04-01T00:00:00+00:00,2026-05-23T00:00:00+00:00,1,rub,10.0,10.0,2098.09,2212.56,True,True,True
W4J7,WHEAT-4.27 Индекс Пшеницы,FWHEAT042700,085d9e97-73bb-4a93-8f84-777cd9704689,SPBFUT,2027-05-03T00:00:00+00:00,2026-05-23T00:00:00+00:00,1,rub,10.0,10.0,2099.88,2214.41,True,True,True
W4K6,WHEAT-5.26 Индекс Пшеницы,FUTWHEAT0526,449e45c4-4d5c-41e6-934d-6afe614ba1c1,SPBFUT,2026-06-01T00:00:00+00:00,2025-08-14T08:54:00+00:00,1,rub,10.0,10.0,1626.89,1630.44,True,True,True
W4K7,WHEAT-5.27 Индекс Пшеницы,FWHEAT052700,07ef4891-015b-472f-b350-dc526597efd4,SPBFUT,2027-06-01T00:00:00+00:00,2026-05-23T00:00:00+00:00,1,rub,10.0,10.0,2103.52,2218.54,True,True,True
W4M6,WHEAT-6.26 Индекс Пшеницы,FUTWHEAT0626,72be6a7c-643e-4d5f-a223-32f6ac193ae5,SPBFUT,2026-07-01T00:00:00+00:00,2025-08-15T07:33:00+00:00,1,rub,10.0,10.0,1758.61,1792.0,True,True,True
W4N6,WHEAT-7.26 Индекс Пшеницы,FUTWHEAT0726,af0b233e-5796-4262-90ac-846dc0c3f99f,SPBFUT,2026-08-03T00:00:00+00:00,2025-09-10T14:03:00+00:00,1,rub,10.0,10.0,1869.28,1929.21,True,True,True
W4Q6,WHEAT-8.26 Индекс Пшеницы,FUTWHEAT0826,c74d40a7-1cda-4a9e-9ec1-9aa8fe7b0025,SPBFUT,2026-09-01T00:00:00+00:00,2025-10-15T09:29:00+00:00,1,rub,10.0,10.0,1903.12,1968.94,True,True,True
W4U6,WHEAT-9.26 Индекс Пшеницы,FUTWHEAT0926,c075161c-7061-4440-8ead-cd0c378c1acd,SPBFUT,2026-10-01T00:00:00+00:00,2025-10-06T08:42:00+00:00,1,rub,10.0,10.0,1999.32,2083.58,True,True,True
W4V6,WHEAT-10.26 Индекс Пшеницы,FUTWHEAT1026,ce46d283-7108-4c41-bc3c-9addc420d095,SPBFUT,2026-11-02T00:00:00+00:00,2025-10-31T11:41:00+00:00,1,rub,10.0,10.0,2068.35,2169.16,True,True,True
W4X6,WHEAT-11.26 Индекс Пшеницы,FUTWHEAT1126,c647b0dc-07f8-4b17-a169-696c1287f917,SPBFUT,2026-12-01T00:00:00+00:00,2026-01-15T11:46:00+00:00,1,rub,10.0,10.0,2138.81,2253.12,True,True,True
W4Z6,WHEAT-12.26 Индекс Пшеницы,FUTWHEAT1226,60769bc2-466b-4585-b298-0d78e0cb2bcb,SPBFUT,2026-12-31T00:00:00+00:00,2025-12-30T10:10:00+00:00,1,rub,10.0,10.0,2154.81,2272.59,True,True,True
WUM6,WUSH-6.26 Whoosh,FUTWUSH06260,8517943e-7969-4d36-92ab-e3915ee8c7d6,SPBFUT,2026-06-19T00:00:00+00:00,2025-12-12T14:02:00+00:00,1,rub,1.0,1.0,241.53,244.83,True,True,True
WUU6,WUSH-9.26 Whoosh,FWUSH0926000,6c200230-dfc6-4d5f-97b4-45fe68c25964,SPBFUT,2026-09-18T00:00:00+00:00,2026-03-06T12:18:00+00:00,1,rub,1.0,1.0,249.05,259.55,True,True,True
X5M6,X5-6.26 Корп. центр ИКС 5,FUTX50626000,3320d7d0-a5fe-4e98-a10c-b209403e4b5c,SPBFUT,2026-06-19T00:00:00+00:00,2025-12-08T11:43:00+00:00,1,rub,1.0,1.0,436.2,442.1,True,True,True
X5U6,X5-9.26 Корп. центр ИКС 5,FX5092600000,62e0f61e-df09-4b78-aaba-4f40962181a0,SPBFUT,2026-09-18T00:00:00+00:00,2026-03-05T17:50:00+00:00,1,rub,1.0,1.0,463.01,482.09,True,True,True
XIM6,XIA-6.26 Xiaomi,FUTXIA062600,120e00cb-7d28-4a4d-8376-6c85c59b342b,SPBFUT,2026-06-22T00:00:00+00:00,2025-12-18T14:47:00+00:00,1,rub,0.01,9.0851,4518.82,4555.57,True,True,True
XIU6,XIA-9.26 Xiaomi,FXIA09260000,c738a671-400f-4db8-9b22-d16ee5fbf1ab,SPBFUT,2026-09-21T00:00:00+00:00,2026-03-16T06:15:00+00:00,1,rub,0.01,9.0851,4669.19,4751.94,True,True,True
XRM6,XRP-6.26 Рипл,FXRP06260000,3c59348c-2b19-4326-8e95-9f96ce86a4f9,SPBFUT,2026-06-29T00:00:00+00:00,2026-05-14T07:59:00+00:00,1,rub,0.0001,0.71209,4800.22,4850.68,True,True,True
XRN6,XRP-7.26 Рипл,FXRP07260000,f10a4fd8-4141-4bb6-8ed9-afa653b81ec7,SPBFUT,2026-08-03T00:00:00+00:00,2026-05-14T16:05:00+00:00,1,rub,0.0001,0.71209,4829.57,4923.38,True,True,True
XRPUSDperpA,Neo Ripple,XRPUSDPERP00,6ca12a2a-965c-4bdf-a9bf-59e3e78b231f,SPBDMFUT,2100-01-01T00:00:00+00:00,2026-04-18T07:53:00+00:00,1,rub,0.0001,0.07216,0.0,0.0,True,True,True
XRQ6,XRP-8.26 Рипл,FXRP08260000,5d9045af-949e-463a-a12d-d1aa5dc5494a,SPBFUT,2026-08-31T00:00:00+00:00,2026-05-14T18:16:00+00:00,1,rub,0.0001,0.71209,4816.45,4890.88,True,True,True
YDM6,YDEX-6.26 Яндекс,FUTYDEX06260,d1771d84-1fde-47be-9934-364306369e81,SPBFUT,2026-06-19T00:00:00+00:00,2025-12-08T08:00:00+00:00,1,rub,1.0,1.0,708.0,717.57,True,True,True
YDU6,YDEX-9.26 Яндекс,FYDEX0926000,e66dca7e-2e43-4306-9b50-031c150999eb,SPBFUT,2026-09-18T00:00:00+00:00,2026-03-06T07:14:00+00:00,1,rub,1.0,1.0,771.05,802.18,True,True,True
ZCM6,ZINC-6.26 Цинк,FUTZINC06260,6e837fca-99cc-4987-9567-e9ae3ed7619d,SPBFUT,2026-06-17T00:00:00+00:00,2025-12-22T09:41:00+00:00,1,rub,0.5,3.56045,2983.26,3004.54,True,True,True
ZCU6,ZINC-9.26 Цинк,FZINC0926000,77503a47-105b-4acf-bd2f-9927e110c8e5,SPBFUT,2026-09-16T00:00:00+00:00,2026-03-11T13:54:00+00:00,1,rub,0.5,3.56045,3332.5,3439.12,True,True,True
